symbol,split,scenario,initial_capital,final_equity,net_return,buy_hold_return,excess_vs_buy_hold,cagr,max_drawdown,sharpe_hourly_annualized,trades,win_rate,profit_factor,expectancy_usdt,average_holding_bars,start,end
BTCUSDT,development,base,10000.0,5864.131275821685,-0.41358687241783143,0.3544061471471174,-0.7679930195649488,-0.19246220262290736,-0.4423473764297039,-1.9433665536303955,218,0.3073394495412844,0.5789117532768557,-18.9718748815519,24.545871559633028,2022-01-01T00:00:00+00:00,2024-06-30T23:00:00+00:00
BTCUSDT,development,stress,10000.0,4836.7076333436435,-0.5163292366656356,0.35170003187554744,-0.868029268541183,-0.2524185568809274,-0.5174833087299231,-2.6624189254419712,218,0.29357798165137616,0.4844414171010473,-23.684827369983285,24.972477064220183,2022-01-01T00:00:00+00:00,2024-06-30T23:00:00+00:00
BTCUSDT,validation,base,10000.0,8441.28585492994,-0.15587141450700603,0.31139966866821855,-0.4672710831752246,-0.20221548026780722,-0.17692123757868927,-2.0529363925122786,78,0.32051282051282054,0.6579986618241328,-19.983514680385387,20.21794871794872,2024-07-01T00:00:00+00:00,2025-03-31T23:00:00+00:00
BTCUSDT,validation,stress,10000.0,7776.691965277832,-0.2223308034722168,0.3087794807150037,-0.5311102841872205,-0.2848382661511111,-0.24171324917406167,-3.0157376549045547,77,0.3116883116883117,0.5323956185895231,-28.87413032106711,21.415584415584416,2024-07-01T00:00:00+00:00,2025-03-31T23:00:00+00:00
BTCUSDT,oos,base,10000.0,8626.06361002782,-0.1373936389972179,-0.24031447472024936,0.10292083572303146,-0.10493335529757153,-0.20493984374316498,-0.9485657695871447,128,0.359375,0.8008494328694693,-10.73387804665765,23.0625,2025-04-01T00:00:00+00:00,2026-07-31T23:00:00+00:00
BTCUSDT,oos,stress,10000.0,7001.988435747315,-0.2998011564252685,-0.24183233301252038,-0.057968823412748116,-0.2345688908435991,-0.3493026111266727,-2.3302814871847373,127,0.33070866141732286,0.5714065826565045,-23.606390269706182,24.070866141732285,2025-04-01T00:00:00+00:00,2026-07-31T23:00:00+00:00
ETHUSDT,development,base,10000.0,6310.83465927097,-0.3689165340729029,-0.06737175393611994,-0.301544780136783,-0.16836564588202174,-0.4015362336669285,-1.800347804499778,197,0.3096446700507614,0.6240651058322868,-18.726727617913856,25.82741116751269,2022-01-01T00:00:00+00:00,2024-06-30T23:00:00+00:00
ETHUSDT,development,stress,10000.0,5151.2502851149,-0.48487497148851,-0.0692351532899157,-0.4156398181985943,-0.2333138096195294,-0.4895506459705613,-2.614660745179228,196,0.29081632653061223,0.5063510506068762,-24.738518953495408,26.586734693877553,2022-01-01T00:00:00+00:00,2024-06-30T23:00:00+00:00
ETHUSDT,validation,base,10000.0,9010.988457254734,-0.09890115427452661,-0.4714224090972826,0.372521254822756,-0.12963551058272194,-0.12516522028625499,-1.2895342943825576,61,0.36065573770491804,0.7058255663647067,-16.213303979430584,26.557377049180328,2024-07-01T00:00:00+00:00,2025-03-31T23:00:00+00:00
ETHUSDT,validation,stress,10000.0,8694.934224459148,-0.13050657755408523,-0.47247851172496513,0.3419719341708799,-0.1700959333408011,-0.1487547909320439,-1.780313652085406,61,0.32786885245901637,0.6285816587281878,-21.39452091050577,26.918032786885245,2024-07-01T00:00:00+00:00,2025-03-31T23:00:00+00:00
ETHUSDT,oos,base,10000.0,8325.84356312577,-0.1674156436874229,0.019184282076316617,-0.18659992576373952,-0.12840229412600135,-0.18346986650182007,-1.2188123607140569,106,0.32075471698113206,0.717921499534486,-15.79392864975688,24.60377358490566,2025-04-01T00:00:00+00:00,2026-07-31T23:00:00+00:00
ETHUSDT,oos,stress,10000.0,7806.266305180557,-0.2193733694819443,0.017147943009131916,-0.23652131249107622,-0.16952680419640875,-0.22290162848382178,-1.6771884678521938,107,0.29906542056074764,0.645614309298437,-20.502184063733115,24.50467289719626,2025-04-01T00:00:00+00:00,2026-07-31T23:00:00+00:00
SOLUSDT,development,base,10000.0,7730.220540308763,-0.22697794596912368,-0.14005019758997006,-0.08692774837915362,-0.09797299568036621,-0.26291901926373573,-0.9127013171664646,200,0.35,0.7801603878526728,-11.348897298456187,24.39,2022-01-01T00:00:00+00:00,2024-06-30T23:00:00+00:00
SOLUSDT,development,stress,10000.0,6958.857096738531,-0.3041142903261469,-0.1417683847807082,-0.1623459055454387,-0.13516234429355667,-0.3355294217562611,-1.3218250925186277,199,0.3316582914572864,0.7016985968531143,-15.282125142017431,24.839195979899497,2022-01-01T00:00:00+00:00,2024-06-30T23:00:00+00:00
SOLUSDT,validation,base,10000.0,8130.441775910081,-0.1869558224089919,-0.15291060968365033,-0.034045212725341556,-0.24114062116062018,-0.21117590934845532,-2.316667110931424,76,0.3026315789473684,0.5874424400820345,-24.59945031697262,20.67105263157895,2024-07-01T00:00:00+00:00,2025-03-31T23:00:00+00:00
SOLUSDT,validation,stress,10000.0,7638.609928715875,-0.23613900712841251,-0.15460310165908087,-0.08153590546933165,-0.3017177986547146,-0.25820724078863266,-3.0157772091133315,76,0.2894736842105263,0.5014285850808806,-31.070921990580594,20.986842105263158,2024-07-01T00:00:00+00:00,2025-03-31T23:00:00+00:00
SOLUSDT,oos,base,10000.0,9438.412981429046,-0.05615870185709537,-0.4164759555846099,0.36031725372751455,-0.04242539219140917,-0.16593209507778905,-0.32982432284788754,115,0.3826086956521739,0.9192294501240684,-4.8833653788778575,22.547826086956523,2025-04-01T00:00:00+00:00,2026-07-31T23:00:00+00:00
SOLUSDT,oos,stress,10000.0,8399.678725576909,-0.1600321274423091,-0.41764184170469787,0.25760971426238877,-0.1226110790873659,-0.24146191600738476,-1.1056541203811612,115,0.3652173913043478,0.7757564814431148,-13.915837168896447,23.217391304347824,2025-04-01T00:00:00+00:00,2026-07-31T23:00:00+00:00
