candidate,symbol,split,scenario,name,sweep_window,volume_multiplier,trend_filter,cisd_atr_multiplier,target_r,max_bars_in_trade,stop_atr_multiplier,initial_capital,final_equity,net_return,buy_hold_return,excess_vs_buy_hold,cagr,max_drawdown,sharpe_hourly_annualized,trades,win_rate,profit_factor,expectancy_usdt,average_holding_bars,start,end
baseline,BTCUSDT,development,base,baseline,12,0.0,none,1.0,2.0,48,0.25,10000.0,5864.131275821685,-0.41358687241783143,0.3544061471471174,-0.7679930195649488,-0.19246220262290736,-0.4423473764297039,-1.9433665536303955,218,0.3073394495412844,0.5789117532768557,-18.9718748815519,24.545871559633028,2022-01-01T00:00:00+00:00,2024-06-30T23:00:00+00:00
baseline,BTCUSDT,development,stress,baseline,12,0.0,none,1.0,2.0,48,0.25,10000.0,4836.7076333436435,-0.5163292366656356,0.35170003187554744,-0.868029268541183,-0.2524185568809274,-0.5174833087299231,-2.6624189254419712,218,0.29357798165137616,0.4844414171010473,-23.684827369983285,24.972477064220183,2022-01-01T00:00:00+00:00,2024-06-30T23:00:00+00:00
baseline,BTCUSDT,validation,base,baseline,12,0.0,none,1.0,2.0,48,0.25,10000.0,8441.28585492994,-0.15587141450700603,0.31139966866821855,-0.4672710831752246,-0.20221548026780722,-0.17692123757868927,-2.0529363925122786,78,0.32051282051282054,0.6579986618241328,-19.983514680385387,20.21794871794872,2024-07-01T00:00:00+00:00,2025-03-31T23:00:00+00:00
baseline,BTCUSDT,validation,stress,baseline,12,0.0,none,1.0,2.0,48,0.25,10000.0,7776.691965277832,-0.2223308034722168,0.3087794807150037,-0.5311102841872205,-0.2848382661511111,-0.24171324917406167,-3.0157376549045547,77,0.3116883116883117,0.5323956185895231,-28.87413032106711,21.415584415584416,2024-07-01T00:00:00+00:00,2025-03-31T23:00:00+00:00
baseline,BTCUSDT,oos,base,baseline,12,0.0,none,1.0,2.0,48,0.25,10000.0,8626.06361002782,-0.1373936389972179,-0.24031447472024936,0.10292083572303146,-0.10493335529757153,-0.20493984374316498,-0.9485657695871447,128,0.359375,0.8008494328694693,-10.73387804665765,23.0625,2025-04-01T00:00:00+00:00,2026-07-31T23:00:00+00:00
baseline,BTCUSDT,oos,stress,baseline,12,0.0,none,1.0,2.0,48,0.25,10000.0,7001.988435747315,-0.2998011564252685,-0.24183233301252038,-0.057968823412748116,-0.2345688908435991,-0.3493026111266727,-2.3302814871847373,127,0.33070866141732286,0.5714065826565045,-23.606390269706182,24.070866141732285,2025-04-01T00:00:00+00:00,2026-07-31T23:00:00+00:00
baseline,ETHUSDT,development,base,baseline,12,0.0,none,1.0,2.0,48,0.25,10000.0,6310.83465927097,-0.3689165340729029,-0.06737175393611994,-0.301544780136783,-0.16836564588202174,-0.4015362336669285,-1.800347804499778,197,0.3096446700507614,0.6240651058322868,-18.726727617913856,25.82741116751269,2022-01-01T00:00:00+00:00,2024-06-30T23:00:00+00:00
baseline,ETHUSDT,development,stress,baseline,12,0.0,none,1.0,2.0,48,0.25,10000.0,5151.2502851149,-0.48487497148851,-0.0692351532899157,-0.4156398181985943,-0.2333138096195294,-0.4895506459705613,-2.614660745179228,196,0.29081632653061223,0.5063510506068762,-24.738518953495408,26.586734693877553,2022-01-01T00:00:00+00:00,2024-06-30T23:00:00+00:00
baseline,ETHUSDT,validation,base,baseline,12,0.0,none,1.0,2.0,48,0.25,10000.0,9010.988457254734,-0.09890115427452661,-0.4714224090972826,0.372521254822756,-0.12963551058272194,-0.12516522028625499,-1.2895342943825576,61,0.36065573770491804,0.7058255663647067,-16.213303979430584,26.557377049180328,2024-07-01T00:00:00+00:00,2025-03-31T23:00:00+00:00
baseline,ETHUSDT,validation,stress,baseline,12,0.0,none,1.0,2.0,48,0.25,10000.0,8694.934224459148,-0.13050657755408523,-0.47247851172496513,0.3419719341708799,-0.1700959333408011,-0.1487547909320439,-1.780313652085406,61,0.32786885245901637,0.6285816587281878,-21.39452091050577,26.918032786885245,2024-07-01T00:00:00+00:00,2025-03-31T23:00:00+00:00
baseline,ETHUSDT,oos,base,baseline,12,0.0,none,1.0,2.0,48,0.25,10000.0,8325.84356312577,-0.1674156436874229,0.019184282076316617,-0.18659992576373952,-0.12840229412600135,-0.18346986650182007,-1.2188123607140569,106,0.32075471698113206,0.717921499534486,-15.79392864975688,24.60377358490566,2025-04-01T00:00:00+00:00,2026-07-31T23:00:00+00:00
baseline,ETHUSDT,oos,stress,baseline,12,0.0,none,1.0,2.0,48,0.25,10000.0,7806.266305180557,-0.2193733694819443,0.017147943009131916,-0.23652131249107622,-0.16952680419640875,-0.22290162848382178,-1.6771884678521938,107,0.29906542056074764,0.645614309298437,-20.502184063733115,24.50467289719626,2025-04-01T00:00:00+00:00,2026-07-31T23:00:00+00:00
baseline,SOLUSDT,development,base,baseline,12,0.0,none,1.0,2.0,48,0.25,10000.0,7730.220540308763,-0.22697794596912368,-0.14005019758997006,-0.08692774837915362,-0.09797299568036621,-0.26291901926373573,-0.9127013171664646,200,0.35,0.7801603878526728,-11.348897298456187,24.39,2022-01-01T00:00:00+00:00,2024-06-30T23:00:00+00:00
baseline,SOLUSDT,development,stress,baseline,12,0.0,none,1.0,2.0,48,0.25,10000.0,6958.857096738531,-0.3041142903261469,-0.1417683847807082,-0.1623459055454387,-0.13516234429355667,-0.3355294217562611,-1.3218250925186277,199,0.3316582914572864,0.7016985968531143,-15.282125142017431,24.839195979899497,2022-01-01T00:00:00+00:00,2024-06-30T23:00:00+00:00
baseline,SOLUSDT,validation,base,baseline,12,0.0,none,1.0,2.0,48,0.25,10000.0,8130.441775910081,-0.1869558224089919,-0.15291060968365033,-0.034045212725341556,-0.24114062116062018,-0.21117590934845532,-2.316667110931424,76,0.3026315789473684,0.5874424400820345,-24.59945031697262,20.67105263157895,2024-07-01T00:00:00+00:00,2025-03-31T23:00:00+00:00
baseline,SOLUSDT,validation,stress,baseline,12,0.0,none,1.0,2.0,48,0.25,10000.0,7638.609928715875,-0.23613900712841251,-0.15460310165908087,-0.08153590546933165,-0.3017177986547146,-0.25820724078863266,-3.0157772091133315,76,0.2894736842105263,0.5014285850808806,-31.070921990580594,20.986842105263158,2024-07-01T00:00:00+00:00,2025-03-31T23:00:00+00:00
baseline,SOLUSDT,oos,base,baseline,12,0.0,none,1.0,2.0,48,0.25,10000.0,9438.412981429046,-0.05615870185709537,-0.4164759555846099,0.36031725372751455,-0.04242539219140917,-0.16593209507778905,-0.32982432284788754,115,0.3826086956521739,0.9192294501240684,-4.8833653788778575,22.547826086956523,2025-04-01T00:00:00+00:00,2026-07-31T23:00:00+00:00
baseline,SOLUSDT,oos,stress,baseline,12,0.0,none,1.0,2.0,48,0.25,10000.0,8399.678725576909,-0.1600321274423091,-0.41764184170469787,0.25760971426238877,-0.1226110790873659,-0.24146191600738476,-1.1056541203811612,115,0.3652173913043478,0.7757564814431148,-13.915837168896447,23.217391304347824,2025-04-01T00:00:00+00:00,2026-07-31T23:00:00+00:00
ema_s12,BTCUSDT,development,base,ema_s12,12,0.0,ema,1.0,2.0,48,0.25,10000.0,8549.1330886032,-0.1450866911396801,0.3544061471471174,-0.49949283828679747,-0.06085209418309889,-0.15485657431092092,-1.0187505189185713,74,0.3108108108108108,0.665386688497668,-19.60630961347028,19.77027027027027,2022-01-01T00:00:00+00:00,2024-06-30T23:00:00+00:00
ema_s12,BTCUSDT,development,stress,ema_s12,12,0.0,ema,1.0,2.0,48,0.25,10000.0,7871.7995124913305,-0.2128200487508669,0.35170003187554744,-0.5645200806264143,-0.09139226664644495,-0.2128200487508669,-1.5239262496934418,74,0.2972972972972973,0.5471654627604595,-28.759466047414453,20.41891891891892,2022-01-01T00:00:00+00:00,2024-06-30T23:00:00+00:00
ema_s12,BTCUSDT,validation,base,ema_s12,12,0.0,ema,1.0,2.0,48,0.25,10000.0,10045.686841707193,0.004568684170719317,0.31139966866821855,-0.30683098449749924,0.006095747610284974,-0.05686589570445133,0.12730480216172926,22,0.36363636363636365,1.0372634154791165,2.076674623054218,17.181818181818183,2024-07-01T00:00:00+00:00,2025-03-31T23:00:00+00:00
ema_s12,BTCUSDT,validation,stress,ema_s12,12,0.0,ema,1.0,2.0,48,0.25,10000.0,9635.974489792938,-0.03640255102070622,0.3087794807150037,-0.34518203173570994,-0.04823626036555828,-0.0890643159013974,-0.7180535171582563,21,0.3333333333333333,0.7214327393866558,-17.334548105098207,20.904761904761905,2024-07-01T00:00:00+00:00,2025-03-31T23:00:00+00:00
ema_s12,BTCUSDT,oos,base,ema_s12,12,0.0,ema,1.0,2.0,48,0.25,10000.0,9746.686078536672,-0.025331392146332843,-0.24031447472024936,0.21498308257391652,-0.019060960875495025,-0.06989108688202095,-0.2796221510007092,43,0.3953488372093023,0.8895252644452246,-5.891021429379729,21.558139534883722,2025-04-01T00:00:00+00:00,2026-07-31T23:00:00+00:00
ema_s12,BTCUSDT,oos,stress,ema_s12,12,0.0,ema,1.0,2.0,48,0.25,10000.0,9024.569185832503,-0.09754308141674972,-0.24183233301252038,0.14428925159577066,-0.07409378633906238,-0.11810640739915168,-1.1513893654377134,43,0.3488372093023256,0.6194876995553702,-22.684437538779008,22.767441860465116,2025-04-01T00:00:00+00:00,2026-07-31T23:00:00+00:00
ema_s12,ETHUSDT,development,base,ema_s12,12,0.0,ema,1.0,2.0,48,0.25,10000.0,7786.642997953138,-0.22133570020468618,-0.06737175393611994,-0.15396394626856624,-0.0953418349823677,-0.22861816903437227,-2.0196629920623725,53,0.20754716981132076,0.3002474588666448,-41.761452868808725,25.22641509433962,2022-01-01T00:00:00+00:00,2024-06-30T23:00:00+00:00
ema_s12,ETHUSDT,development,stress,ema_s12,12,0.0,ema,1.0,2.0,48,0.25,10000.0,7574.4208429415885,-0.24255791570584118,-0.0692351532899157,-0.17332276241592548,-0.10529877224262763,-0.24885478159770325,-2.2721061782116303,52,0.19230769230769232,0.25323349691051544,-46.645753020354064,26.346153846153847,2022-01-01T00:00:00+00:00,2024-06-30T23:00:00+00:00
ema_s12,ETHUSDT,validation,base,ema_s12,12,0.0,ema,1.0,2.0,48,0.25,10000.0,9347.68339508021,-0.06523166049197904,-0.4714224090972826,0.4061907486053036,-0.08600960938362201,-0.0845033854682361,-1.6580544499965582,16,0.25,0.3981348528571051,-40.769787807486864,19.8125,2024-07-01T00:00:00+00:00,2025-03-31T23:00:00+00:00
ema_s12,ETHUSDT,validation,stress,ema_s12,12,0.0,ema,1.0,2.0,48,0.25,10000.0,9257.77997855869,-0.074222002144131,-0.47247851172496513,0.39825650958083414,-0.0977105707170729,-0.09342899747257871,-1.8142203647177528,16,0.25,0.3643276007384701,-46.38875134008185,20.9375,2024-07-01T00:00:00+00:00,2025-03-31T23:00:00+00:00
ema_s12,ETHUSDT,oos,base,ema_s12,12,0.0,ema,1.0,2.0,48,0.25,10000.0,8615.92026631582,-0.13840797336841804,0.019184282076316617,-0.15759225544473465,-0.10572291709462045,-0.1541098129566144,-1.7831163621236101,34,0.23529411764705882,0.3770174805597465,-40.70822746129943,22.264705882352942,2025-04-01T00:00:00+00:00,2026-07-31T23:00:00+00:00
ema_s12,ETHUSDT,oos,stress,ema_s12,12,0.0,ema,1.0,2.0,48,0.25,10000.0,8399.108393179977,-0.1600891606820023,0.017147943009131916,-0.1772371036911342,-0.1226557638669511,-0.17449363903450066,-2.0993066715877893,34,0.23529411764705882,0.32725253514957015,-47.08504725941245,22.38235294117647,2025-04-01T00:00:00+00:00,2026-07-31T23:00:00+00:00
ema_s12,SOLUSDT,development,base,ema_s12,12,0.0,ema,1.0,2.0,48,0.25,10000.0,10119.697645243725,0.011969764524372373,-0.14005019758997006,0.15201996211434243,0.00477693954778613,-0.0824870016035083,0.10899204285052864,62,0.4032258064516129,1.0334723594049575,1.9306071813503993,22.20967741935484,2022-01-01T00:00:00+00:00,2024-06-30T23:00:00+00:00
ema_s12,SOLUSDT,development,stress,ema_s12,12,0.0,ema,1.0,2.0,48,0.25,10000.0,9904.300663576163,-0.009569933642383677,-0.1417683847807082,0.1321984511383245,-0.0038439217366447176,-0.08638078885761757,-0.03423330539522349,62,0.4032258064516129,0.9739374579623026,-1.5435376842554345,22.370967741935484,2022-01-01T00:00:00+00:00,2024-06-30T23:00:00+00:00
ema_s12,SOLUSDT,validation,base,ema_s12,12,0.0,ema,1.0,2.0,48,0.25,10000.0,9843.291947557958,-0.015670805244204167,-0.15291060968365033,0.13723980443944617,-0.02083807553261774,-0.04746670935105568,-0.27791413464015574,23,0.391304347826087,0.8873664003490522,-6.813393584436594,18.130434782608695,2024-07-01T00:00:00+00:00,2025-03-31T23:00:00+00:00
ema_s12,SOLUSDT,validation,stress,ema_s12,12,0.0,ema,1.0,2.0,48,0.25,10000.0,9749.522806173209,-0.025047719382679134,-0.15460310165908087,0.12955538227640173,-0.033254268819568944,-0.050810754381195644,-0.4656179006065008,23,0.391304347826087,0.8272029356313781,-10.890312775077884,19.0,2024-07-01T00:00:00+00:00,2025-03-31T23:00:00+00:00
ema_s12,SOLUSDT,oos,base,ema_s12,12,0.0,ema,1.0,2.0,48,0.25,10000.0,9367.517421190303,-0.06324825788096966,-0.4164759555846099,0.35322769770364026,-0.04782546803531784,-0.10558196510262075,-0.8175664132643606,28,0.2857142857142857,0.666942640222149,-22.588663528917746,19.714285714285715,2025-04-01T00:00:00+00:00,2026-07-31T23:00:00+00:00
ema_s12,SOLUSDT,oos,stress,ema_s12,12,0.0,ema,1.0,2.0,48,0.25,10000.0,8983.164131869775,-0.10168358681302248,-0.41764184170469787,0.3159582548916754,-0.0772819580848475,-0.13688892436706235,-1.3478698964634226,28,0.25,0.5003432217073083,-36.315566718936616,20.857142857142858,2025-04-01T00:00:00+00:00,2026-07-31T23:00:00+00:00
ema_s24,BTCUSDT,development,base,ema_s24,24,0.0,ema,1.0,2.0,48,0.25,10000.0,9180.581748749404,-0.08194182512505954,0.3544061471471174,-0.4363479722721769,-0.033661949097015254,-0.1452998302540418,-0.7836431024883317,41,0.34146341463414637,0.6371344387662169,-19.985811006112094,23.926829268292682,2022-01-01T00:00:00+00:00,2024-06-30T23:00:00+00:00
ema_s24,BTCUSDT,development,stress,ema_s24,24,0.0,ema,1.0,2.0,48,0.25,10000.0,8859.320229070585,-0.11406797709294147,0.35170003187554744,-0.4657680089684889,-0.04735028084591131,-0.16516888678279684,-1.086943225531798,41,0.34146341463414637,0.5324079675828476,-27.82145782754671,24.48780487804878,2022-01-01T00:00:00+00:00,2024-06-30T23:00:00+00:00
ema_s24,BTCUSDT,validation,base,ema_s24,24,0.0,ema,1.0,2.0,48,0.25,10000.0,10012.818695852078,0.0012818695852079287,0.31139966866821855,-0.3101177990830106,0.0017093943833219605,-0.05914642593616948,0.058512917722015036,16,0.375,1.0133159409384365,0.8011684907548897,18.625,2024-07-01T00:00:00+00:00,2025-03-31T23:00:00+00:00
ema_s24,BTCUSDT,validation,stress,ema_s24,24,0.0,ema,1.0,2.0,48,0.25,10000.0,9771.020142294465,-0.022897985770553575,0.3087794807150037,-0.3316774664855573,-0.03041125674492895,-0.07629779145944005,-0.5186328894167991,16,0.375,0.7763975919966737,-14.311241106595958,21.375,2024-07-01T00:00:00+00:00,2025-03-31T23:00:00+00:00
ema_s24,BTCUSDT,oos,base,ema_s24,24,0.0,ema,1.0,2.0,48,0.25,10000.0,10239.313993298923,0.02393139932989241,-0.24031447472024936,0.26424587405014177,0.017896930887755014,-0.06984930295546465,0.3992158513905333,28,0.4642857142857143,1.2114608798806208,8.546928332104406,26.392857142857142,2025-04-01T00:00:00+00:00,2026-07-31T23:00:00+00:00
ema_s24,BTCUSDT,oos,stress,ema_s24,24,0.0,ema,1.0,2.0,48,0.25,10000.0,9688.843587451003,-0.03111564125489963,-0.24183233301252038,0.21071669175762076,-0.023430676924080407,-0.10750842160660401,-0.4661961816701005,28,0.42857142857142855,0.7729565785441028,-11.112729019607027,27.142857142857142,2025-04-01T00:00:00+00:00,2026-07-31T23:00:00+00:00
ema_s24,ETHUSDT,development,base,ema_s24,24,0.0,ema,1.0,2.0,48,0.25,10000.0,9170.625149834392,-0.08293748501656084,-0.06737175393611994,-0.015565731080440903,-0.034081830228943066,-0.09915038113857777,-0.8499720421371706,34,0.29411764705882354,0.5752600992807668,-24.393377946047302,27.352941176470587,2022-01-01T00:00:00+00:00,2024-06-30T23:00:00+00:00
ema_s24,ETHUSDT,development,stress,ema_s24,24,0.0,ema,1.0,2.0,48,0.25,10000.0,8931.394630513343,-0.10686053694866571,-0.0692351532899157,-0.03762538365875001,-0.044253764650543204,-0.11947026253000648,-1.1339009059168041,34,0.2647058823529412,0.4794522818272281,-31.429569690784025,28.352941176470587,2022-01-01T00:00:00+00:00,2024-06-30T23:00:00+00:00
ema_s24,ETHUSDT,validation,base,ema_s24,24,0.0,ema,1.0,2.0,48,0.25,10000.0,9264.381224723942,-0.07356187752760579,-0.4714224090972826,0.3978605315696768,-0.0968526992231391,-0.07791168139017779,-2.5355148031141375,10,0.1,0.07477184143781686,-73.56187752760579,19.9,2024-07-01T00:00:00+00:00,2025-03-31T23:00:00+00:00
ema_s24,ETHUSDT,validation,stress,ema_s24,24,0.0,ema,1.0,2.0,48,0.25,10000.0,9193.030348832262,-0.08069696511677371,-0.47247851172496513,0.3917815466081914,-0.10611435379141165,-0.08417255165317261,-2.8117067715013704,10,0.1,0.05968060700049907,-80.69696511677375,19.9,2024-07-01T00:00:00+00:00,2025-03-31T23:00:00+00:00
ema_s24,ETHUSDT,oos,base,ema_s24,24,0.0,ema,1.0,2.0,48,0.25,10000.0,9467.635126101926,-0.05323648738980735,0.019184282076316617,-0.07242076946612397,-0.04020251072758885,-0.09372931184289324,-0.846264413696215,22,0.3181818181818182,0.6224249329938503,-24.19840335900335,27.272727272727273,2025-04-01T00:00:00+00:00,2026-07-31T23:00:00+00:00
ema_s24,ETHUSDT,oos,stress,ema_s24,24,0.0,ema,1.0,2.0,48,0.25,10000.0,9357.612709551473,-0.06423872904485273,0.017147943009131916,-0.08138667205398464,-0.04858071626664673,-0.0995647216677682,-1.0377344735702068,22,0.3181818181818182,0.5635156580874071,-29.199422293114864,27.454545454545453,2025-04-01T00:00:00+00:00,2026-07-31T23:00:00+00:00
ema_s24,SOLUSDT,development,base,ema_s24,24,0.0,ema,1.0,2.0,48,0.25,10000.0,9512.181201838386,-0.04878187981616133,-0.14005019758997006,0.09126831777380873,-0.019831070992529454,-0.08776856315787462,-0.5048094788087681,30,0.3333333333333333,0.7529277767051337,-16.260626605387127,18.666666666666668,2022-01-01T00:00:00+00:00,2024-06-30T23:00:00+00:00
ema_s24,SOLUSDT,development,stress,ema_s24,24,0.0,ema,1.0,2.0,48,0.25,10000.0,9422.098301216198,-0.05779016987838026,-0.1417683847807082,0.08397821490232793,-0.023559412784820433,-0.09424625583452007,-0.6099899467551769,30,0.3333333333333333,0.715077671113702,-19.263389959460074,18.866666666666667,2022-01-01T00:00:00+00:00,2024-06-30T23:00:00+00:00
ema_s24,SOLUSDT,validation,base,ema_s24,24,0.0,ema,1.0,2.0,48,0.25,10000.0,10249.13987295539,0.024913987295538842,-0.15291060968365033,0.17782459697918918,0.03335325031553982,-0.02388503852697943,0.6632086739452973,13,0.46153846153846156,1.3813376199326661,19.16460561195303,17.923076923076923,2024-07-01T00:00:00+00:00,2025-03-31T23:00:00+00:00
ema_s24,SOLUSDT,validation,stress,ema_s24,24,0.0,ema,1.0,2.0,48,0.25,10000.0,10201.031616928713,0.020103161692871296,-0.15460310165908087,0.17470626335195216,0.02689155355766104,-0.025080764558673807,0.532414261725335,13,0.46153846153846156,1.2923029802202681,15.463970532977887,19.46153846153846,2024-07-01T00:00:00+00:00,2025-03-31T23:00:00+00:00
ema_s24,SOLUSDT,oos,base,ema_s24,24,0.0,ema,1.0,2.0,48,0.25,10000.0,9012.826947156604,-0.09871730528433964,-0.4164759555846099,0.3177586503002703,-0.07499756169548433,-0.10627769352034122,-1.911416097688249,16,0.125,0.18098409886617134,-61.69831580271227,16.5625,2025-04-01T00:00:00+00:00,2026-07-31T23:00:00+00:00
ema_s24,SOLUSDT,oos,stress,ema_s24,24,0.0,ema,1.0,2.0,48,0.25,10000.0,8908.971776289962,-0.10910282237100377,-0.41764184170469787,0.3085390193336941,-0.08300394445467274,-0.11563229020209242,-2.167306724837251,16,0.125,0.1584707371649667,-68.18926398187739,16.5625,2025-04-01T00:00:00+00:00,2026-07-31T23:00:00+00:00
ema_v12,BTCUSDT,development,base,ema_v12,12,1.2,ema,1.0,2.0,48,0.25,10000.0,8805.755723743388,-0.11942442762566119,0.3544061471471174,-0.47383057477277857,-0.0496613559966278,-0.15423601403612341,-0.935385153674064,58,0.3103448275862069,0.6438034888829792,-20.590418556148474,21.46551724137931,2022-01-01T00:00:00+00:00,2024-06-30T23:00:00+00:00
ema_v12,BTCUSDT,development,stress,ema_v12,12,1.2,ema,1.0,2.0,48,0.25,10000.0,8228.629905426644,-0.17713700945733557,0.35170003187554744,-0.528837041332883,-0.07511511213517386,-0.19246562509249343,-1.4132751981593157,58,0.29310344827586204,0.5177093269484617,-30.540863699540626,22.086206896551722,2022-01-01T00:00:00+00:00,2024-06-30T23:00:00+00:00
ema_v12,BTCUSDT,validation,base,ema_v12,12,1.2,ema,1.0,2.0,48,0.25,10000.0,10230.91003276169,0.023091003276169086,0.31139966866821855,-0.28830866539204947,0.03090350359385652,-0.05540159324418514,0.5731788917193031,16,0.4375,1.2432776811280157,14.431877047605667,19.0,2024-07-01T00:00:00+00:00,2025-03-31T23:00:00+00:00
ema_v12,BTCUSDT,validation,stress,ema_v12,12,1.2,ema,1.0,2.0,48,0.25,10000.0,10060.118076940114,0.0060118076940114396,0.3087794807150037,-0.3027676730209923,0.008023151793778105,-0.060714734888024036,0.1712724586954588,15,0.4666666666666667,1.0665507066516375,4.007871796007627,24.466666666666665,2024-07-01T00:00:00+00:00,2025-03-31T23:00:00+00:00
ema_v12,BTCUSDT,oos,base,ema_v12,12,1.2,ema,1.0,2.0,48,0.25,10000.0,10056.133808915718,0.0056133808915717065,-0.24031447472024936,0.24592785561182107,0.004207449225942295,-0.04430161288255674,0.11508620236125873,28,0.42857142857142855,1.0450728831264682,2.00477888984707,22.785714285714285,2025-04-01T00:00:00+00:00,2026-07-31T23:00:00+00:00
ema_v12,BTCUSDT,oos,stress,ema_v12,12,1.2,ema,1.0,2.0,48,0.25,10000.0,9430.379940151359,-0.05696200598486412,-0.24183233301252038,0.18487032702765627,-0.04303675395283901,-0.09390905161660035,-0.8749948006457368,28,0.35714285714285715,0.6155608604966575,-20.3435735660229,24.428571428571427,2025-04-01T00:00:00+00:00,2026-07-31T23:00:00+00:00
ema_v12,ETHUSDT,development,base,ema_v12,12,1.2,ema,1.0,2.0,48,0.25,10000.0,8387.603438009013,-0.16123965619909864,-0.06737175393611994,-0.0938679022629787,-0.0679996409808068,-0.16908417412667354,-1.6227711498161892,38,0.23684210526315788,0.294338422476486,-42.43148847344702,30.36842105263158,2022-01-01T00:00:00+00:00,2024-06-30T23:00:00+00:00
ema_v12,ETHUSDT,development,stress,ema_v12,12,1.2,ema,1.0,2.0,48,0.25,10000.0,8205.433437062282,-0.17945665629377183,-0.0692351532899157,-0.11022150300385614,-0.07616022842561698,-0.18627810376931464,-1.875003848857025,38,0.21052631578947367,0.25383008818198777,-47.22543586678206,30.36842105263158,2022-01-01T00:00:00+00:00,2024-06-30T23:00:00+00:00
ema_v12,ETHUSDT,validation,base,ema_v12,12,1.2,ema,1.0,2.0,48,0.25,10000.0,9584.701676921657,-0.04152983230783425,-0.4714224090972826,0.42989257678944837,-0.05498217297518526,-0.05452692217260968,-1.4240850613388345,9,0.2222222222222222,0.2658944861018342,-46.14425811981588,29.0,2024-07-01T00:00:00+00:00,2025-03-31T23:00:00+00:00
ema_v12,ETHUSDT,validation,stress,ema_v12,12,1.2,ema,1.0,2.0,48,0.25,10000.0,9517.838670828505,-0.048216132917149435,-0.47247851172496513,0.4242623788078157,-0.06376121528229539,-0.059000603079842895,-1.691595922380331,9,0.2222222222222222,0.21040251469523852,-53.57348101905498,29.0,2024-07-01T00:00:00+00:00,2025-03-31T23:00:00+00:00
ema_v12,ETHUSDT,oos,base,ema_v12,12,1.2,ema,1.0,2.0,48,0.25,10000.0,9351.492790919925,-0.06485072090800748,0.019184282076316617,-0.08403500298432409,-0.049047468555163065,-0.09511899165358484,-0.9865661240885722,24,0.3333333333333333,0.5663457445481528,-27.02113371166979,25.541666666666668,2025-04-01T00:00:00+00:00,2026-07-31T23:00:00+00:00
ema_v12,ETHUSDT,oos,stress,ema_v12,12,1.2,ema,1.0,2.0,48,0.25,10000.0,9251.630748752537,-0.07483692512474627,0.017147943009131916,-0.09198486813387818,-0.05667455257247911,-0.10102790447543997,-1.1488367335115333,24,0.3333333333333333,0.5185456054744966,-31.182052135310943,25.708333333333332,2025-04-01T00:00:00+00:00,2026-07-31T23:00:00+00:00
ema_v12,SOLUSDT,development,base,ema_v12,12,1.2,ema,1.0,2.0,48,0.25,10000.0,9671.224888114793,-0.03287751118852067,-0.14005019758997006,0.10717268640144939,-0.013299919866008869,-0.10679684930747835,-0.2697787986663936,38,0.39473684210526316,0.8626066770070308,-8.651976628558067,23.157894736842106,2022-01-01T00:00:00+00:00,2024-06-30T23:00:00+00:00
ema_v12,SOLUSDT,development,stress,ema_v12,12,1.2,ema,1.0,2.0,48,0.25,10000.0,9357.084703109522,-0.06429152968904783,-0.1417683847807082,0.07747685509166036,-0.026263484753851096,-0.12219932959740654,-0.5579928993151532,38,0.3684210526315789,0.7368170032991322,-16.918823602381007,23.973684210526315,2022-01-01T00:00:00+00:00,2024-06-30T23:00:00+00:00
ema_v12,SOLUSDT,validation,base,ema_v12,12,1.2,ema,1.0,2.0,48,0.25,10000.0,10477.766011641943,0.04777660116419424,-0.15291060968365033,0.20068721084784458,0.06419906333817682,-0.024080501640723728,1.1042506393380962,16,0.5,1.6071909190760238,29.86037572762143,18.5625,2024-07-01T00:00:00+00:00,2025-03-31T23:00:00+00:00
ema_v12,SOLUSDT,validation,stress,ema_v12,12,1.2,ema,1.0,2.0,48,0.25,10000.0,10407.03940688338,0.040703940688337825,-0.15460310165908087,0.1953070423474187,0.05463255969508074,-0.02470689836326967,0.9397288832577896,16,0.5,1.491949767311217,25.43996293021121,19.8125,2024-07-01T00:00:00+00:00,2025-03-31T23:00:00+00:00
ema_v12,SOLUSDT,oos,base,ema_v12,12,1.2,ema,1.0,2.0,48,0.25,10000.0,9828.898426435375,-0.017110157356462485,-0.4164759555846099,0.39936579822814744,-0.012861354888490384,-0.04940055183300596,-0.3219938520977605,14,0.2857142857142857,0.8098980802100473,-12.221540968901795,19.214285714285715,2025-04-01T00:00:00+00:00,2026-07-31T23:00:00+00:00
ema_v12,SOLUSDT,oos,stress,ema_v12,12,1.2,ema,1.0,2.0,48,0.25,10000.0,9513.266503996785,-0.048673349600321436,-0.41764184170469787,0.36896849210437643,-0.036734831094396125,-0.06851973934076339,-0.9219878489074237,14,0.21428571428571427,0.5114660344928875,-34.76667828594392,21.071428571428573,2025-04-01T00:00:00+00:00,2026-07-31T23:00:00+00:00
ema_v24,BTCUSDT,development,base,ema_v24,24,1.2,ema,1.0,2.0,48,0.25,10000.0,9547.732025410056,-0.04522679745899438,0.3544061471471174,-0.39963294460611176,-0.01836552354883869,-0.12272944087237425,-0.4489995023253164,34,0.38235294117647056,0.7429321158167876,-13.301999252645414,26.264705882352942,2022-01-01T00:00:00+00:00,2024-06-30T23:00:00+00:00
ema_v24,BTCUSDT,development,stress,ema_v24,24,1.2,ema,1.0,2.0,48,0.25,10000.0,9270.693662156877,-0.0729306337843123,0.35170003187554744,-0.42463066565985974,-0.029874181313685355,-0.13949090171858858,-0.7209007204625035,34,0.38235294117647056,0.6175434263842814,-21.45018640715069,26.91176470588235,2022-01-01T00:00:00+00:00,2024-06-30T23:00:00+00:00
ema_v24,BTCUSDT,validation,base,ema_v24,24,1.2,ema,1.0,2.0,48,0.25,10000.0,10029.879533012401,0.0029879533012400206,0.31139966866821855,-0.30841171536697853,0.003985616674213599,-0.05624558139532854,0.09901747418771556,15,0.4,1.031787237020614,1.991968867493415,20.0,2024-07-01T00:00:00+00:00,2025-03-31T23:00:00+00:00
ema_v24,BTCUSDT,validation,stress,ema_v24,24,1.2,ema,1.0,2.0,48,0.25,10000.0,9795.668557440202,-0.020433144255979863,0.3087794807150037,-0.3292126249709836,-0.027148950244201164,-0.06029122961644806,-0.459936033678403,15,0.4,0.7940551600869702,-13.622096170653215,23.266666666666666,2024-07-01T00:00:00+00:00,2025-03-31T23:00:00+00:00
ema_v24,BTCUSDT,oos,base,ema_v24,24,1.2,ema,1.0,2.0,48,0.25,10000.0,10262.36582275715,0.026236582275715126,-0.24031447472024936,0.2665510569959645,0.019615292952719354,-0.05368776077439563,0.49094621912337694,22,0.45454545454545453,1.323706878498643,11.925719216234112,25.863636363636363,2025-04-01T00:00:00+00:00,2026-07-31T23:00:00+00:00
ema_v24,BTCUSDT,oos,stress,ema_v24,24,1.2,ema,1.0,2.0,48,0.25,10000.0,9772.469602525496,-0.022753039747450354,-0.24183233301252038,0.21907929326507003,-0.017115232107309475,-0.0883161237883564,-0.38326289815007486,22,0.4090909090909091,0.7801703343648584,-10.342290794295629,26.818181818181817,2025-04-01T00:00:00+00:00,2026-07-31T23:00:00+00:00
ema_v24,ETHUSDT,development,base,ema_v24,24,1.2,ema,1.0,2.0,48,0.25,10000.0,9201.93417045467,-0.07980658295453302,-0.06737175393611994,-0.012434829018413085,-0.03276241268987867,-0.09813408087072228,-0.8789507384334581,28,0.2857142857142857,0.4984321264321231,-28.50235105519037,30.821428571428573,2022-01-01T00:00:00+00:00,2024-06-30T23:00:00+00:00
ema_v24,ETHUSDT,development,stress,ema_v24,24,1.2,ema,1.0,2.0,48,0.25,10000.0,9067.650258659736,-0.09323497413402637,-0.0692351532899157,-0.023999820844110675,-0.03844052066837178,-0.10730070026536387,-1.065388567780821,28,0.25,0.44567987493568856,-33.29820504786657,30.857142857142858,2022-01-01T00:00:00+00:00,2024-06-30T23:00:00+00:00
ema_v24,ETHUSDT,validation,base,ema_v24,24,1.2,ema,1.0,2.0,48,0.25,10000.0,9462.470996127744,-0.05375290038722558,-0.4714224090972826,0.41766950871005704,-0.07101539973119442,-0.05819571117944433,-2.170290402904373,8,0.125,0.09958271456765735,-67.191125484032,23.125,2024-07-01T00:00:00+00:00,2025-03-31T23:00:00+00:00
ema_v24,ETHUSDT,validation,stress,ema_v24,24,1.2,ema,1.0,2.0,48,0.25,10000.0,9408.411155415146,-0.05915888445848538,-0.47247851172496513,0.41331962726647975,-0.07808460024132091,-0.06271589949051115,-2.408841997121454,8,0.125,0.07967739957675529,-73.94860557310676,23.125,2024-07-01T00:00:00+00:00,2025-03-31T23:00:00+00:00
ema_v24,ETHUSDT,oos,base,ema_v24,24,1.2,ema,1.0,2.0,48,0.25,10000.0,9407.631898700345,-0.05923681012996551,0.019184282076316617,-0.07842109220628213,-0.044768720624239866,-0.09100953993330196,-1.1161036679964718,17,0.29411764705882354,0.4650454516417679,-34.845182429391464,27.41176470588235,2025-04-01T00:00:00+00:00,2026-07-31T23:00:00+00:00
ema_v24,ETHUSDT,oos,stress,ema_v24,24,1.2,ema,1.0,2.0,48,0.25,10000.0,9316.763343118775,-0.06832366568812254,0.017147943009131916,-0.08547160869725445,-0.05169765250417013,-0.09861072411403016,-1.3011640200062442,17,0.29411764705882354,0.41148013035736075,-40.19039158124853,27.647058823529413,2025-04-01T00:00:00+00:00,2026-07-31T23:00:00+00:00
ema_v24,SOLUSDT,development,base,ema_v24,24,1.2,ema,1.0,2.0,48,0.25,10000.0,9626.659698815109,-0.037334030118489125,-0.14005019758997006,0.10271616747148093,-0.015123461094302293,-0.06884230578853467,-0.47847790695486747,22,0.36363636363636365,0.7479266031103166,-16.970013690222334,18.0,2022-01-01T00:00:00+00:00,2024-06-30T23:00:00+00:00
ema_v24,SOLUSDT,development,stress,ema_v24,24,1.2,ema,1.0,2.0,48,0.25,10000.0,9358.392080483465,-0.06416079195165347,-0.1417683847807082,0.07760759282905472,-0.02620899700053414,-0.09331674523784561,-0.8255743885277068,22,0.3181818181818182,0.5790395207729198,-29.163996341660674,19.363636363636363,2022-01-01T00:00:00+00:00,2024-06-30T23:00:00+00:00
ema_v24,SOLUSDT,validation,base,ema_v24,24,1.2,ema,1.0,2.0,48,0.25,10000.0,10341.240118670203,0.0341240118670203,-0.15291060968365033,0.18703462155067063,0.045751955984505877,-0.024080501640723617,0.9891337079563357,11,0.45454545454545453,1.6248343982058597,31.02182897001843,15.181818181818182,2024-07-01T00:00:00+00:00,2025-03-31T23:00:00+00:00
ema_v24,SOLUSDT,validation,stress,ema_v24,24,1.2,ema,1.0,2.0,48,0.25,10000.0,10300.292583810076,0.030029258381007562,-0.15460310165908087,0.18463236004008843,0.04023496002826654,-0.025385870224924445,0.8519207013352146,11,0.45454545454545453,1.5190798814400874,27.299325800916037,17.0,2024-07-01T00:00:00+00:00,2025-03-31T23:00:00+00:00
ema_v24,SOLUSDT,oos,base,ema_v24,24,1.2,ema,1.0,2.0,48,0.25,10000.0,9400.352372048897,-0.059964762795110205,-0.4164759555846099,0.3565111927894997,-0.045323182626684,-0.06123576461108504,-2.0427450420275592,8,0.0,0.0,-74.95595349388782,19.625,2025-04-01T00:00:00+00:00,2026-07-31T23:00:00+00:00
ema_v24,SOLUSDT,oos,stress,ema_v24,24,1.2,ema,1.0,2.0,48,0.25,10000.0,9330.190282017835,-0.0669809717982165,-0.41764184170469787,0.3506608699064814,-0.05067275833926843,-0.06753810101947533,-2.245343469189826,8,0.0,0.0,-83.72621474777065,19.625,2025-04-01T00:00:00+00:00,2026-07-31T23:00:00+00:00
ema_r15_s12,BTCUSDT,development,base,ema_r15_s12,12,0.0,ema,1.0,1.5,24,0.25,10000.0,8431.883041639652,-0.15681169583603483,0.3544061471471174,-0.5112178429831522,-0.06603215656033157,-0.17032997953011186,-1.3176019338971872,78,0.34615384615384615,0.5890800087914748,-20.104063568722406,13.064102564102564,2022-01-01T00:00:00+00:00,2024-06-30T23:00:00+00:00
ema_r15_s12,BTCUSDT,development,stress,ema_r15_s12,12,0.0,ema,1.0,1.5,24,0.25,10000.0,7889.625131785312,-0.21103748682146883,0.35170003187554744,-0.5627375186970163,-0.0905687588216163,-0.22134876138014492,-1.7834009021062516,78,0.3333333333333333,0.4912369686533332,-27.05608805403446,13.320512820512821,2022-01-01T00:00:00+00:00,2024-06-30T23:00:00+00:00
ema_r15_s12,BTCUSDT,validation,base,ema_r15_s12,12,0.0,ema,1.0,1.5,24,0.25,10000.0,9781.363369623918,-0.021863663037608227,0.31139966866821855,-0.3332633317058268,-0.029042626892618273,-0.06813717665558072,-0.46710018463643127,24,0.375,0.8281092018851712,-9.109859599003434,11.75,2024-07-01T00:00:00+00:00,2025-03-31T23:00:00+00:00
ema_r15_s12,BTCUSDT,validation,stress,ema_r15_s12,12,0.0,ema,1.0,1.5,24,0.25,10000.0,9608.406251949293,-0.0391593748050707,0.3087794807150037,-0.3479388555200744,-0.05186487650061522,-0.08391141216735853,-0.8647958039078854,24,0.375,0.7203204967926051,-16.31640616877947,11.833333333333334,2024-07-01T00:00:00+00:00,2025-03-31T23:00:00+00:00
ema_r15_s12,BTCUSDT,oos,base,ema_r15_s12,12,0.0,ema,1.0,1.5,24,0.25,10000.0,9401.722091301743,-0.0598277908698257,-0.24031447472024936,0.18048668385042366,-0.04521884659419706,-0.0822842433559361,-0.8360055384209022,46,0.391304347826087,0.7145745998533081,-13.006041493440376,14.478260869565217,2025-04-01T00:00:00+00:00,2026-07-31T23:00:00+00:00
ema_r15_s12,BTCUSDT,oos,stress,ema_r15_s12,12,0.0,ema,1.0,1.5,24,0.25,10000.0,8706.661359022886,-0.12933386409771142,-0.24183233301252038,0.11249846891480897,-0.09866781363648647,-0.14574729004426912,-1.889472164825586,45,0.3333333333333333,0.4646445529085918,-28.740858688380307,15.244444444444444,2025-04-01T00:00:00+00:00,2026-07-31T23:00:00+00:00
ema_r15_s12,ETHUSDT,development,base,ema_r15_s12,12,0.0,ema,1.0,1.5,24,0.25,10000.0,8709.557792517639,-0.12904422074823618,-0.06737175393611994,-0.061672466812116244,-0.05383313046081695,-0.13481292878803564,-1.3084531546869331,55,0.32727272727272727,0.5081068531428032,-23.46258559058839,16.29090909090909,2022-01-01T00:00:00+00:00,2024-06-30T23:00:00+00:00
ema_r15_s12,ETHUSDT,development,stress,ema_r15_s12,12,0.0,ema,1.0,1.5,24,0.25,10000.0,8331.110278821032,-0.16688897211789677,-0.0692351532899157,-0.09765381882798108,-0.07051887398766055,-0.17087851292929124,-1.7515391583640527,55,0.3090909090909091,0.4058072956133057,-30.343449475981238,16.472727272727273,2022-01-01T00:00:00+00:00,2024-06-30T23:00:00+00:00
ema_r15_s12,ETHUSDT,validation,base,ema_r15_s12,12,0.0,ema,1.0,1.5,24,0.25,10000.0,9087.379400099842,-0.0912620599900158,-0.4714224090972826,0.3801603491072668,-0.11978433262935384,-0.10631709897955433,-2.449254159658025,19,0.21052631578947367,0.24937295159934444,-48.03266315263988,12.947368421052632,2024-07-01T00:00:00+00:00,2025-03-31T23:00:00+00:00
ema_r15_s12,ETHUSDT,validation,stress,ema_r15_s12,12,0.0,ema,1.0,1.5,24,0.25,10000.0,8977.095171297577,-0.10229048287024234,-0.47247851172496513,0.3701880288547228,-0.13399740983773456,-0.11536918350920888,-2.6949647798582355,19,0.21052631578947367,0.22074476525773698,-53.83709624749597,12.947368421052632,2024-07-01T00:00:00+00:00,2025-03-31T23:00:00+00:00
ema_r15_s12,ETHUSDT,oos,base,ema_r15_s12,12,0.0,ema,1.0,1.5,24,0.25,10000.0,8676.201409916499,-0.13237985900835014,0.019184282076316617,-0.15156414108466676,-0.10103401080237107,-0.14372754815920252,-1.9914920034647776,37,0.32432432432432434,0.38124151597293127,-35.77834027252705,14.432432432432432,2025-04-01T00:00:00+00:00,2026-07-31T23:00:00+00:00
ema_r15_s12,ETHUSDT,oos,stress,ema_r15_s12,12,0.0,ema,1.0,1.5,24,0.25,10000.0,8178.136385085037,-0.18218636149149636,0.017147943009131916,-0.19933430450062828,-0.14002632639406343,-0.18883116785129728,-2.7134288277996426,37,0.2972972972972973,0.22792597606661597,-49.23955715986388,14.621621621621621,2025-04-01T00:00:00+00:00,2026-07-31T23:00:00+00:00
ema_r15_s12,SOLUSDT,development,base,ema_r15_s12,12,0.0,ema,1.0,1.5,24,0.25,10000.0,10232.592929742299,0.023259292974229906,-0.14005019758997006,0.16330949056419997,0.009251465873254094,-0.09327833638626026,0.21089742530080235,63,0.5079365079365079,1.0763687241068052,3.6919512657507783,14.365079365079366,2022-01-01T00:00:00+00:00,2024-06-30T23:00:00+00:00
ema_r15_s12,SOLUSDT,development,stress,ema_r15_s12,12,0.0,ema,1.0,1.5,24,0.25,10000.0,9928.028430917635,-0.007197156908236524,-0.1417683847807082,0.13457122787247167,-0.0028887881935578674,-0.09947283580316268,-0.034450261561464954,63,0.5079365079365079,0.9769140892204068,-1.1424058584502383,14.714285714285714,2022-01-01T00:00:00+00:00,2024-06-30T23:00:00+00:00
ema_r15_s12,SOLUSDT,validation,base,ema_r15_s12,12,0.0,ema,1.0,1.5,24,0.25,10000.0,10221.08511445579,0.022108511445579015,-0.15291060968365033,0.17501912112922935,0.029583822795386183,-0.03484179675179122,0.5209444114862974,24,0.5,1.1708047846143654,9.211879768991215,11.166666666666666,2024-07-01T00:00:00+00:00,2025-03-31T23:00:00+00:00
ema_r15_s12,SOLUSDT,validation,stress,ema_r15_s12,12,0.0,ema,1.0,1.5,24,0.25,10000.0,9869.579195996557,-0.01304208040034427,-0.15460310165908087,0.1415610212587366,-0.017350223308808532,-0.05102611259666956,-0.26217032017875286,24,0.4583333333333333,0.9088244738726885,-5.434200166810115,12.0,2024-07-01T00:00:00+00:00,2025-03-31T23:00:00+00:00
ema_r15_s12,SOLUSDT,oos,base,ema_r15_s12,12,0.0,ema,1.0,1.5,24,0.25,10000.0,9434.502456957853,-0.05654975430421472,-0.4164759555846099,0.3599262012803952,-0.04272298988770118,-0.07928263919779177,-0.8131345592251517,30,0.36666666666666664,0.6556887211350666,-18.84991810140491,13.6,2025-04-01T00:00:00+00:00,2026-07-31T23:00:00+00:00
ema_r15_s12,SOLUSDT,oos,stress,ema_r15_s12,12,0.0,ema,1.0,1.5,24,0.25,10000.0,9238.93335706085,-0.076106664293915,-0.41764184170469787,0.3415351774107829,-0.05764580187882751,-0.08822992125123819,-1.132829034009012,30,0.36666666666666664,0.5705601786946213,-25.36888809797165,13.666666666666666,2025-04-01T00:00:00+00:00,2026-07-31T23:00:00+00:00
ema_r25_s12,BTCUSDT,development,base,ema_r25_s12,12,0.0,ema,1.0,2.5,48,0.25,10000.0,8608.472756461668,-0.1391527243538332,0.3544061471471174,-0.49355887150095057,-0.05824671410379023,-0.15096517160984368,-0.8704616791735285,74,0.2972972972972973,0.6878314479592328,-18.804422209977464,21.743243243243242,2022-01-01T00:00:00+00:00,2024-06-30T23:00:00+00:00
ema_r25_s12,BTCUSDT,development,stress,ema_r25_s12,12,0.0,ema,1.0,2.5,48,0.25,10000.0,8059.53440864348,-0.19404655913565205,0.35170003187554744,-0.5457465910111995,-0.08277467243364833,-0.19404655913565205,-1.2652436159489877,73,0.3013698630136986,0.5819859078794427,-26.581720429541374,22.575342465753426,2022-01-01T00:00:00+00:00,2024-06-30T23:00:00+00:00
ema_r25_s12,BTCUSDT,validation,base,ema_r25_s12,12,0.0,ema,1.0,2.5,48,0.25,10000.0,9931.214099445797,-0.006878590055420353,0.31139966866821855,-0.3182782587236389,-0.009160229396561137,-0.07196654978764205,-0.09979074455008098,21,0.3333333333333333,0.9421863431760734,-3.2755190740096753,22.761904761904763,2024-07-01T00:00:00+00:00,2025-03-31T23:00:00+00:00
ema_r25_s12,BTCUSDT,validation,stress,ema_r25_s12,12,0.0,ema,1.0,2.5,48,0.25,10000.0,9720.296532607965,-0.02797034673920351,0.3087794807150037,-0.33674982745420723,-0.03711607917779425,-0.08743194368031648,-0.5246578275388473,21,0.3333333333333333,0.7862641271337125,-13.319212732954059,22.761904761904763,2024-07-01T00:00:00+00:00,2025-03-31T23:00:00+00:00
ema_r25_s12,BTCUSDT,oos,base,ema_r25_s12,12,0.0,ema,1.0,2.5,48,0.25,10000.0,9590.051053455345,-0.040994894654465486,-0.24031447472024936,0.19931958006578387,-0.030909083699050988,-0.09338081602707193,-0.4275881665825209,43,0.37209302325581395,0.825711692720616,-9.533696431271046,23.697674418604652,2025-04-01T00:00:00+00:00,2026-07-31T23:00:00+00:00
ema_r25_s12,BTCUSDT,oos,stress,ema_r25_s12,12,0.0,ema,1.0,2.5,48,0.25,10000.0,8899.441155328086,-0.11005588446719139,-0.24183233301252038,0.131776448545329,-0.08373984239336496,-0.12777148046158515,-1.2391536964155827,43,0.32558139534883723,0.5852007166750277,-25.594391736556137,25.186046511627907,2025-04-01T00:00:00+00:00,2026-07-31T23:00:00+00:00
ema_r25_s12,ETHUSDT,development,base,ema_r25_s12,12,0.0,ema,1.0,2.5,48,0.25,10000.0,7825.882674304351,-0.21741173256956492,-0.06737175393611994,-0.15003997863344498,-0.09351869446595107,-0.22473090036181942,-1.87660138533943,52,0.21153846153846154,0.29110655952682946,-41.80994857107017,27.173076923076923,2022-01-01T00:00:00+00:00,2024-06-30T23:00:00+00:00
ema_r25_s12,ETHUSDT,development,stress,ema_r25_s12,12,0.0,ema,1.0,2.5,48,0.25,10000.0,7459.588670983347,-0.2540411329016653,-0.0692351532899157,-0.1848059796117496,-0.11075625700309333,-0.2602425350211961,-2.288708904273801,52,0.17307692307692307,0.22592386123059577,-48.854064019551025,27.23076923076923,2022-01-01T00:00:00+00:00,2024-06-30T23:00:00+00:00
ema_r25_s12,ETHUSDT,validation,base,ema_r25_s12,12,0.0,ema,1.0,2.5,48,0.25,10000.0,9422.21295754722,-0.05777870424527787,-0.4714224090972826,0.41364370485200475,-0.07628107431443854,-0.08090226262397937,-1.3803440878166122,16,0.25,0.46842591784288323,-36.111690153298696,21.1875,2024-07-01T00:00:00+00:00,2025-03-31T23:00:00+00:00
ema_r25_s12,ETHUSDT,validation,stress,ema_r25_s12,12,0.0,ema,1.0,2.5,48,0.25,10000.0,9340.484511720693,-0.06595154882793064,-0.47247851172496513,0.4065269628970345,-0.08694793320440519,-0.0894292478960913,-1.5234358647280526,16,0.25,0.43694452423899205,-41.21971801745667,21.1875,2024-07-01T00:00:00+00:00,2025-03-31T23:00:00+00:00
ema_r25_s12,ETHUSDT,oos,base,ema_r25_s12,12,0.0,ema,1.0,2.5,48,0.25,10000.0,8785.992789021402,-0.12140072109785982,0.019184282076316617,-0.14058500317417644,-0.09251485481807475,-0.14607587024024815,-1.5049069409049611,34,0.23529411764705882,0.4561186747382629,-35.706094440547,22.41176470588235,2025-04-01T00:00:00+00:00,2026-07-31T23:00:00+00:00
ema_r25_s12,ETHUSDT,oos,stress,ema_r25_s12,12,0.0,ema,1.0,2.5,48,0.25,10000.0,8564.811028600148,-0.1435188971399851,0.017147943009131916,-0.16066684014911703,-0.10970482195087505,-0.16231174764071743,-1.814486594918916,34,0.23529411764705882,0.3997105439016564,-42.21144033528975,22.441176470588236,2025-04-01T00:00:00+00:00,2026-07-31T23:00:00+00:00
ema_r25_s12,SOLUSDT,development,base,ema_r25_s12,12,0.0,ema,1.0,2.5,48,0.25,10000.0,10988.703557679884,0.09887035576798842,-0.14005019758997006,0.23892055335795848,0.03848334578671753,-0.08139352979163184,0.6137833367856138,62,0.4032258064516129,1.2637882918338958,15.946831575482006,22.758064516129032,2022-01-01T00:00:00+00:00,2024-06-30T23:00:00+00:00
ema_r25_s12,SOLUSDT,development,stress,ema_r25_s12,12,0.0,ema,1.0,2.5,48,0.25,10000.0,10759.364577361102,0.07593645773611035,-0.1417683847807082,0.21770484251681854,0.029747900814275807,-0.08491509345125614,0.4827226024786554,62,0.4032258064516129,1.197290599940437,12.247815763888749,23.048387096774192,2022-01-01T00:00:00+00:00,2024-06-30T23:00:00+00:00
ema_r25_s12,SOLUSDT,validation,base,ema_r25_s12,12,0.0,ema,1.0,2.5,48,0.25,10000.0,10076.688635533901,0.007668863553390137,-0.15291060968365033,0.16057947323704047,0.010237415876139577,-0.04375108227699598,0.17839024458863698,23,0.391304347826087,1.0543586915913663,3.334288501473961,20.47826086956522,2024-07-01T00:00:00+00:00,2025-03-31T23:00:00+00:00
ema_r25_s12,SOLUSDT,validation,stress,ema_r25_s12,12,0.0,ema,1.0,2.5,48,0.25,10000.0,9985.317085598923,-0.0014682914401077385,-0.15460310165908087,0.15313481021897313,-0.0019570939853337244,-0.04665389423732269,0.009264102710776446,23,0.391304347826087,0.9900136804483214,-0.6383875826555279,21.869565217391305,2024-07-01T00:00:00+00:00,2025-03-31T23:00:00+00:00
ema_r25_s12,SOLUSDT,oos,base,ema_r25_s12,12,0.0,ema,1.0,2.5,48,0.25,10000.0,8721.322570383822,-0.12786774296161785,-0.4164759555846099,0.2886082126229921,-0.0975296356865063,-0.13518360345135094,-1.5884210466677897,28,0.17857142857142858,0.373167763200331,-45.667051057720656,21.535714285714285,2025-04-01T00:00:00+00:00,2026-07-31T23:00:00+00:00
ema_r25_s12,SOLUSDT,oos,stress,ema_r25_s12,12,0.0,ema,1.0,2.5,48,0.25,10000.0,8546.102314028472,-0.1453897685971528,-0.41764184170469787,0.27225207310754507,-0.1111638957247576,-0.15165328604247108,-1.8800987216197589,28,0.17857142857142858,0.331057791799853,-51.92491735612599,21.571428571428573,2025-04-01T00:00:00+00:00,2026-07-31T23:00:00+00:00
ema_r15_s24,BTCUSDT,development,base,ema_r15_s24,24,0.0,ema,1.0,1.5,24,0.25,10000.0,9132.538438890395,-0.08674615611096048,0.3544061471471174,-0.44115230325807786,-0.03569051739200768,-0.10669251370965971,-1.0094807293861479,42,0.38095238095238093,0.5594722541910615,-20.653846693085836,14.738095238095237,2022-01-01T00:00:00+00:00,2024-06-30T23:00:00+00:00
ema_r15_s24,BTCUSDT,development,stress,ema_r15_s24,24,0.0,ema,1.0,1.5,24,0.25,10000.0,8775.723885038784,-0.12242761149612158,0.35170003187554744,-0.474127643371669,-0.050960787689855125,-0.13784579470649438,-1.4287419657608902,42,0.3333333333333333,0.4394086867190761,-29.149431308600384,15.0,2022-01-01T00:00:00+00:00,2024-06-30T23:00:00+00:00
ema_r15_s24,BTCUSDT,validation,base,ema_r15_s24,24,0.0,ema,1.0,1.5,24,0.25,10000.0,9913.868795582839,-0.008613120441716138,0.31139966866821855,-0.3200127891099347,-0.01146677613296676,-0.057986557718116116,-0.19223133013973348,17,0.4117647058823529,0.9078138059041487,-5.0665414363035834,13.235294117647058,2024-07-01T00:00:00+00:00,2025-03-31T23:00:00+00:00
ema_r15_s24,BTCUSDT,validation,stress,ema_r15_s24,24,0.0,ema,1.0,1.5,24,0.25,10000.0,9805.256546256032,-0.01947434537439674,0.3087794807150037,-0.32825382608940046,-0.025879205853896137,-0.0651432311186737,-0.4732596752907871,17,0.4117647058823529,0.8058420810196956,-11.45549727905692,13.352941176470589,2024-07-01T00:00:00+00:00,2025-03-31T23:00:00+00:00
ema_r15_s24,BTCUSDT,oos,base,ema_r15_s24,24,0.0,ema,1.0,1.5,24,0.25,10000.0,10037.034073872397,0.003703407387239732,-0.24031447472024936,0.2440178821074891,0.002776509599553334,-0.048377942248155836,0.09095061839902388,28,0.4642857142857143,1.0373641596259853,1.3226454954427547,15.678571428571429,2025-04-01T00:00:00+00:00,2026-07-31T23:00:00+00:00
ema_r15_s24,BTCUSDT,oos,stress,ema_r15_s24,24,0.0,ema,1.0,1.5,24,0.25,10000.0,9758.14233184011,-0.02418576681598894,-0.24183233301252038,0.21764656619653144,-0.018196267156569856,-0.06122788386043976,-0.452153329459069,28,0.42857142857142855,0.7894791592440127,-8.637773862853205,15.821428571428571,2025-04-01T00:00:00+00:00,2026-07-31T23:00:00+00:00
ema_r15_s24,ETHUSDT,development,base,ema_r15_s24,24,0.0,ema,1.0,1.5,24,0.25,10000.0,9557.149963970332,-0.04428500360296672,-0.06737175393611994,0.023086750333153216,-0.017977826670580455,-0.05549858170995137,-0.5394385326327283,36,0.3611111111111111,0.7177093895935351,-12.301389889712986,17.11111111111111,2022-01-01T00:00:00+00:00,2024-06-30T23:00:00+00:00
ema_r15_s24,ETHUSDT,development,stress,ema_r15_s24,24,0.0,ema,1.0,1.5,24,0.25,10000.0,9355.48012411937,-0.06445198758806292,-0.0692351532899157,0.004783165701852776,-0.026330365259815247,-0.07061416949447374,-0.8142990888801381,36,0.3611111111111111,0.6168200375273392,-17.90332988557303,17.166666666666668,2022-01-01T00:00:00+00:00,2024-06-30T23:00:00+00:00
ema_r15_s24,ETHUSDT,validation,base,ema_r15_s24,24,0.0,ema,1.0,1.5,24,0.25,10000.0,9137.732644119675,-0.08622673558803251,-0.4714224090972826,0.3851956735092501,-0.11327578824154183,-0.0905170755240089,-2.881083087598669,12,0.08333333333333333,0.036365364695134676,-71.85561299002711,14.166666666666666,2024-07-01T00:00:00+00:00,2025-03-31T23:00:00+00:00
ema_r15_s24,ETHUSDT,validation,stress,ema_r15_s24,24,0.0,ema,1.0,1.5,24,0.25,10000.0,9057.39230583834,-0.0942607694161659,-0.47247851172496513,0.37821774230879923,-0.12365469392260309,-0.09768507560885165,-3.1932100227936058,12,0.08333333333333333,0.026057754277174057,-78.55064118013827,14.166666666666666,2024-07-01T00:00:00+00:00,2025-03-31T23:00:00+00:00
ema_r15_s24,ETHUSDT,oos,base,ema_r15_s24,24,0.0,ema,1.0,1.5,24,0.25,10000.0,9369.156077123902,-0.06308439228760976,0.019184282076316617,-0.08226867436392638,-0.04770053745552161,-0.07579758205071385,-1.227033462915298,22,0.36363636363636365,0.44565284212271555,-28.67472376709537,18.954545454545453,2025-04-01T00:00:00+00:00,2026-07-31T23:00:00+00:00
ema_r15_s24,ETHUSDT,oos,stress,ema_r15_s24,24,0.0,ema,1.0,1.5,24,0.25,10000.0,9225.213008725408,-0.0774786991274592,0.017147943009131916,-0.09462664213659111,-0.058695674319918734,-0.08710926894043602,-1.5320105323436,22,0.36363636363636365,0.35742569423430376,-35.21759051248145,18.954545454545453,2025-04-01T00:00:00+00:00,2026-07-31T23:00:00+00:00
ema_r15_s24,SOLUSDT,development,base,ema_r15_s24,24,0.0,ema,1.0,1.5,24,0.25,10000.0,9490.164431951078,-0.050983556804892194,-0.14005019758997006,0.08906664078507787,-0.020740337559159716,-0.0806285881132236,-0.619924576686361,30,0.4,0.7033737575729532,-16.99451893496407,12.9,2022-01-01T00:00:00+00:00,2024-06-30T23:00:00+00:00
ema_r15_s24,SOLUSDT,development,stress,ema_r15_s24,24,0.0,ema,1.0,1.5,24,0.25,10000.0,9389.265920481936,-0.06107340795180649,-0.1417683847807082,0.0806949768289017,-0.024923587578076778,-0.08848118681274464,-0.7604805339830374,30,0.4,0.6548041129716118,-20.357802650602146,13.033333333333333,2022-01-01T00:00:00+00:00,2024-06-30T23:00:00+00:00
ema_r15_s24,SOLUSDT,validation,base,ema_r15_s24,24,0.0,ema,1.0,1.5,24,0.25,10000.0,10368.80678775379,0.03688067877537904,-0.15291060968365033,0.18979128845902937,0.04947020780827849,-0.02012567522168096,1.1125122349455945,14,0.5714285714285714,1.5715010426785785,26.343341982413612,10.428571428571429,2024-07-01T00:00:00+00:00,2025-03-31T23:00:00+00:00
ema_r15_s24,SOLUSDT,validation,stress,ema_r15_s24,24,0.0,ema,1.0,1.5,24,0.25,10000.0,10316.797835363903,0.03167978353639023,-0.15460310165908087,0.1862828851954711,0.04245788925070437,-0.021463026257307893,0.957450858283455,14,0.5714285714285714,1.4711731013205782,22.628416811707343,10.928571428571429,2024-07-01T00:00:00+00:00,2025-03-31T23:00:00+00:00
ema_r15_s24,SOLUSDT,oos,base,ema_r15_s24,24,0.0,ema,1.0,1.5,24,0.25,10000.0,9273.059342788869,-0.07269406572111314,-0.4164759555846099,0.3437818898634968,-0.055036190991931355,-0.08134151732987493,-1.5065174968383859,16,0.25,0.30879147330197715,-45.433791075695694,11.3125,2025-04-01T00:00:00+00:00,2026-07-31T23:00:00+00:00
ema_r15_s24,SOLUSDT,oos,stress,ema_r15_s24,24,0.0,ema,1.0,1.5,24,0.25,10000.0,9163.980162104483,-0.08360198378955175,-0.41764184170469787,0.3340398579151461,-0.06338594181984303,-0.09031834962566776,-1.776289355164204,16,0.25,0.2657492527864542,-52.25123986846984,11.3125,2025-04-01T00:00:00+00:00,2026-07-31T23:00:00+00:00
ema_r25_s24,BTCUSDT,development,base,ema_r25_s24,24,0.0,ema,1.0,2.5,48,0.25,10000.0,9382.67166294104,-0.061732833705895995,0.3544061471471174,-0.4161389808530134,-0.02519792155233569,-0.1452998302540418,-0.5280971360445266,41,0.34146341463414637,0.727824021273886,-15.056788708755116,25.29268292682927,2022-01-01T00:00:00+00:00,2024-06-30T23:00:00+00:00
ema_r25_s24,BTCUSDT,development,stress,ema_r25_s24,24,0.0,ema,1.0,2.5,48,0.25,10000.0,8897.398577310381,-0.11026014226896186,0.35170003187554744,-0.4619601741445093,-0.045712455541162655,-0.16516888678279684,-0.993509401026621,41,0.34146341463414637,0.5485297915650453,-26.892717626576065,25.829268292682926,2022-01-01T00:00:00+00:00,2024-06-30T23:00:00+00:00
ema_r25_s24,BTCUSDT,validation,base,ema_r25_s24,24,0.0,ema,1.0,2.5,48,0.25,10000.0,9987.599590573056,-0.0012400409426943648,0.31139966866821855,-0.3126397096109129,-0.0016529205149469206,-0.06431999537567235,0.0018088996129113496,16,0.375,0.9870942933772517,-0.775025589183997,23.8125,2024-07-01T00:00:00+00:00,2025-03-31T23:00:00+00:00
ema_r25_s24,BTCUSDT,validation,stress,ema_r25_s24,24,0.0,ema,1.0,2.5,48,0.25,10000.0,9856.52393640037,-0.014347606359963017,0.3087794807150037,-0.32312708707496673,-0.019082812453960707,-0.07464254197026832,-0.2991263743423234,16,0.375,0.8601181224082386,-8.96725397497687,23.8125,2024-07-01T00:00:00+00:00,2025-03-31T23:00:00+00:00
ema_r25_s24,BTCUSDT,oos,base,ema_r25_s24,24,0.0,ema,1.0,2.5,48,0.25,10000.0,10166.068707490498,0.016606870749049873,-0.24031447472024936,0.25692134546929923,0.012430545287081207,-0.09636647867940862,0.26729581717146755,28,0.42857142857142855,1.13578700521213,5.93102526751779,27.678571428571427,2025-04-01T00:00:00+00:00,2026-07-31T23:00:00+00:00
ema_r25_s24,BTCUSDT,oos,stress,ema_r25_s24,24,0.0,ema,1.0,2.5,48,0.25,10000.0,9689.322468539007,-0.03106775314609933,-0.24183233301252038,0.21076457986642105,-0.02339447309058862,-0.10750842160660401,-0.4481563144884898,27,0.4074074074074074,0.7732710251947618,-11.506575239296042,28.74074074074074,2025-04-01T00:00:00+00:00,2026-07-31T23:00:00+00:00
ema_r25_s24,ETHUSDT,development,base,ema_r25_s24,24,0.0,ema,1.0,2.5,48,0.25,10000.0,9142.586119006994,-0.08574138809930065,-0.06737175393611994,-0.018369634163180715,-0.03526573862918292,-0.11063874712302946,-0.8119228057482724,34,0.29411764705882354,0.5593446598204692,-25.218055323323718,29.735294117647058,2022-01-01T00:00:00+00:00,2024-06-30T23:00:00+00:00
ema_r25_s24,ETHUSDT,development,stress,ema_r25_s24,24,0.0,ema,1.0,2.5,48,0.25,10000.0,8952.046890196576,-0.10479531098034245,-0.0692351532899157,-0.03556015769042675,-0.04336924929358654,-0.1260122466426451,-1.027591072963486,34,0.2647058823529412,0.4895371648316908,-30.822150288336,29.794117647058822,2022-01-01T00:00:00+00:00,2024-06-30T23:00:00+00:00
ema_r25_s24,ETHUSDT,validation,base,ema_r25_s24,24,0.0,ema,1.0,2.5,48,0.25,10000.0,9264.381224723942,-0.07356187752760579,-0.4714224090972826,0.3978605315696768,-0.0968526992231391,-0.07791168139017779,-2.5355148031141375,10,0.1,0.07477184143781686,-73.56187752760579,19.9,2024-07-01T00:00:00+00:00,2025-03-31T23:00:00+00:00
ema_r25_s24,ETHUSDT,validation,stress,ema_r25_s24,24,0.0,ema,1.0,2.5,48,0.25,10000.0,9193.030348832262,-0.08069696511677371,-0.47247851172496513,0.3917815466081914,-0.10611435379141165,-0.08417255165317261,-2.8117067715013704,10,0.1,0.05968060700049907,-80.69696511677375,19.9,2024-07-01T00:00:00+00:00,2025-03-31T23:00:00+00:00
ema_r25_s24,ETHUSDT,oos,base,ema_r25_s24,24,0.0,ema,1.0,2.5,48,0.25,10000.0,9654.53890078707,-0.03454610992129292,0.019184282076316617,-0.05373039199760954,-0.026025306796898295,-0.0892890907149908,-0.5108792265341601,22,0.3181818181818182,0.756401158391052,-15.702777236951327,27.818181818181817,2025-04-01T00:00:00+00:00,2026-07-31T23:00:00+00:00
ema_r25_s24,ETHUSDT,oos,stress,ema_r25_s24,24,0.0,ema,1.0,2.5,48,0.25,10000.0,9542.254592757985,-0.04577454072420151,0.017147943009131916,-0.06292248373333342,-0.03453408976061323,-0.09515508959643237,-0.6953895718192753,22,0.3181818181818182,0.6907588120393169,-20.806609420091593,27.863636363636363,2025-04-01T00:00:00+00:00,2026-07-31T23:00:00+00:00
ema_r25_s24,SOLUSDT,development,base,ema_r25_s24,24,0.0,ema,1.0,2.5,48,0.25,10000.0,9836.507279608855,-0.016349272039114515,-0.14005019758997006,0.12370092555085554,-0.006580447265978617,-0.0714539772567705,-0.13693672369402585,30,0.3333333333333333,0.9190194235625457,-5.449757346371492,20.0,2022-01-01T00:00:00+00:00,2024-06-30T23:00:00+00:00
ema_r25_s24,SOLUSDT,development,stress,ema_r25_s24,24,0.0,ema,1.0,2.5,48,0.25,10000.0,9747.796654263135,-0.025220334573686554,-0.1417683847807082,0.11654805020702164,-0.010178443782167257,-0.07656177613694992,-0.22315322407153473,30,0.3333333333333333,0.8784348216018946,-8.406778191228842,20.0,2022-01-01T00:00:00+00:00,2024-06-30T23:00:00+00:00
ema_r25_s24,SOLUSDT,validation,base,ema_r25_s24,24,0.0,ema,1.0,2.5,48,0.25,10000.0,10441.028311870577,0.04410283118705771,-0.15291060968365033,0.19701344087070805,0.05922721513679319,-0.02388503852697943,1.067134316495677,13,0.46153846153846156,1.668437741309151,33.92525475927519,20.153846153846153,2024-07-01T00:00:00+00:00,2025-03-31T23:00:00+00:00
ema_r25_s24,SOLUSDT,validation,stress,ema_r25_s24,24,0.0,ema,1.0,2.5,48,0.25,10000.0,10396.867176837244,0.03968671768372434,-0.15460310165908087,0.1942898193428052,0.053258438274692343,-0.025080764558673918,0.9297278964639235,13,0.46153846153846156,1.571221884087266,30.528244372095706,22.23076923076923,2024-07-01T00:00:00+00:00,2025-03-31T23:00:00+00:00
ema_r25_s24,SOLUSDT,oos,base,ema_r25_s24,24,0.0,ema,1.0,2.5,48,0.25,10000.0,9056.984822011382,-0.09430151779886187,-0.4164759555846099,0.32217443778574806,-0.07160034707193585,-0.10189894776211905,-1.734516352866707,16,0.125,0.22012229047037923,-58.93844862428864,16.5625,2025-04-01T00:00:00+00:00,2026-07-31T23:00:00+00:00
ema_r25_s24,SOLUSDT,oos,stress,ema_r25_s24,24,0.0,ema,1.0,2.5,48,0.25,10000.0,8952.601066261363,-0.10473989337386369,-0.41764184170469787,0.3129019483308342,-0.07963765757010632,-0.11130133751518378,-1.9761378916939292,16,0.125,0.19475795005247457,-65.46243335866484,16.5625,2025-04-01T00:00:00+00:00,2026-07-31T23:00:00+00:00
ema_v12_r15,BTCUSDT,development,base,ema_v12_r15,12,1.2,ema,1.0,1.5,24,0.25,10000.0,8878.965690977355,-0.11210343090226449,0.3544061471471174,-0.46650957804938187,-0.04650476472023679,-0.13467451894978733,-1.0570395239363577,60,0.36666666666666664,0.6166766438920672,-18.68390515037742,13.8,2022-01-01T00:00:00+00:00,2024-06-30T23:00:00+00:00
ema_v12_r15,BTCUSDT,development,stress,ema_v12_r15,12,1.2,ema,1.0,1.5,24,0.25,10000.0,8430.808490393367,-0.15691915096066333,0.35170003187554744,-0.5086191828362108,-0.06607982888179531,-0.1736523612223947,-1.4831705970514926,60,0.35,0.5080331163754653,-26.15319182677722,13.95,2022-01-01T00:00:00+00:00,2024-06-30T23:00:00+00:00
ema_v12_r15,BTCUSDT,validation,base,ema_v12_r15,12,1.2,ema,1.0,1.5,24,0.25,10000.0,9950.723158809651,-0.004927684119034881,0.31139966866821855,-0.31632735278725344,-0.006564345969798269,-0.057144126501021186,-0.10475476879345298,17,0.4117647058823529,0.9452128685660851,-2.898637717079349,12.647058823529411,2024-07-01T00:00:00+00:00,2025-03-31T23:00:00+00:00
ema_v12_r15,BTCUSDT,validation,stress,ema_v12_r15,12,1.2,ema,1.0,1.5,24,0.25,10000.0,9812.485233778687,-0.01875147662213128,0.3087794807150037,-0.327530957337135,-0.024921631848933923,-0.06450888996196891,-0.4767951012184506,17,0.4117647058823529,0.8116728147751107,-11.030280365959591,12.764705882352942,2024-07-01T00:00:00+00:00,2025-03-31T23:00:00+00:00
ema_v12_r15,BTCUSDT,oos,base,ema_v12_r15,12,1.2,ema,1.0,1.5,24,0.25,10000.0,9968.46253186982,-0.0031537468130180546,-0.24031447472024936,0.2371607279072313,-0.002366446014157919,-0.044681049027690656,-0.0406258456564334,29,0.4482758620689655,0.9713247794935429,-1.0874989010406917,14.275862068965518,2025-04-01T00:00:00+00:00,2026-07-31T23:00:00+00:00
ema_v12_r15,BTCUSDT,oos,stress,ema_v12_r15,12,1.2,ema,1.0,1.5,24,0.25,10000.0,9463.72307468018,-0.053627692531982074,-0.24183233301252038,0.1882046404805383,-0.040499994652790305,-0.07097518983216766,-1.015229074037007,29,0.3793103448275862,0.6079251634904129,-18.492307769648974,15.03448275862069,2025-04-01T00:00:00+00:00,2026-07-31T23:00:00+00:00
ema_v12_r15,ETHUSDT,development,base,ema_v12_r15,12,1.2,ema,1.0,1.5,24,0.25,10000.0,9138.86319396658,-0.08611368060334212,-0.06737175393611994,-0.018741926667222186,-0.03542309748173156,-0.09511706883171767,-1.031066164826359,39,0.3333333333333333,0.4905452516419775,-22.080430923933864,18.871794871794872,2022-01-01T00:00:00+00:00,2024-06-30T23:00:00+00:00
ema_v12_r15,ETHUSDT,development,stress,ema_v12_r15,12,1.2,ema,1.0,1.5,24,0.25,10000.0,8915.721140171987,-0.10842788598280129,-0.0692351532899157,-0.03919273269288559,-0.044925863055613524,-0.11512933957943117,-1.3495298193933474,39,0.3076923076923077,0.40408422468422694,-27.802022046872132,18.897435897435898,2022-01-01T00:00:00+00:00,2024-06-30T23:00:00+00:00
ema_v12_r15,ETHUSDT,validation,base,ema_v12_r15,12,1.2,ema,1.0,1.5,24,0.25,10000.0,9493.800885607967,-0.0506199114392033,-0.4714224090972826,0.4208024976580793,-0.06691233974808297,-0.06650096305918973,-2.0655952413594685,11,0.18181818181818182,0.17110988619137246,-46.01810130836665,15.909090909090908,2024-07-01T00:00:00+00:00,2025-03-31T23:00:00+00:00
ema_v12_r15,ETHUSDT,validation,stress,ema_v12_r15,12,1.2,ema,1.0,1.5,24,0.25,10000.0,9416.748349934576,-0.05832516500654239,-0.47247851172496513,0.41415334671842274,-0.07699525753696901,-0.07191835899875831,-2.4004873995506704,11,0.18181818181818182,0.12633472946018098,-53.02287727867488,15.909090909090908,2024-07-01T00:00:00+00:00,2025-03-31T23:00:00+00:00
ema_v12_r15,ETHUSDT,oos,base,ema_v12_r15,12,1.2,ema,1.0,1.5,24,0.25,10000.0,9382.386820395159,-0.06176131796048412,0.019184282076316617,-0.08094560003680074,-0.046692029968780635,-0.08472191585114253,-1.074601633592466,26,0.4230769230769231,0.5502869309003585,-23.75435306172466,16.692307692307693,2025-04-01T00:00:00+00:00,2026-07-31T23:00:00+00:00
ema_v12_r15,ETHUSDT,oos,stress,ema_v12_r15,12,1.2,ema,1.0,1.5,24,0.25,10000.0,9165.123729444527,-0.08348762705554724,0.017147943009131916,-0.10063557006467916,-0.06329827607539573,-0.10034205514420569,-1.5014116287942232,26,0.4230769230769231,0.41631654960484,-32.11062579059511,16.76923076923077,2025-04-01T00:00:00+00:00,2026-07-31T23:00:00+00:00
ema_v12_r15,SOLUSDT,development,base,ema_v12_r15,12,1.2,ema,1.0,1.5,24,0.25,10000.0,9729.055375359916,-0.027094462464008373,-0.14005019758997006,0.11295573512596169,-0.010941076379446302,-0.10976341218641061,-0.2742303948782812,38,0.47368421052631576,0.8623106049551197,-7.13012170105484,15.31578947368421,2022-01-01T00:00:00+00:00,2024-06-30T23:00:00+00:00
ema_v12_r15,SOLUSDT,development,stress,ema_v12_r15,12,1.2,ema,1.0,1.5,24,0.25,10000.0,9546.5907173027,-0.04534092826972991,-0.1417683847807082,0.09642745651097828,-0.018412521970597062,-0.1149311526775243,-0.47995696222428036,38,0.47368421052631576,0.775105736737648,-11.931823228876295,15.763157894736842,2022-01-01T00:00:00+00:00,2024-06-30T23:00:00+00:00
ema_v12_r15,SOLUSDT,validation,base,ema_v12_r15,12,1.2,ema,1.0,1.5,24,0.25,10000.0,10326.921272675178,0.0326921272675178,-0.15291060968365033,0.18560273695116813,0.0438219015614143,-0.02127936142162634,0.880357936781122,16,0.5625,1.4227068572599062,20.432579542198596,11.1875,2024-07-01T00:00:00+00:00,2025-03-31T23:00:00+00:00
ema_v12_r15,SOLUSDT,validation,stress,ema_v12_r15,12,1.2,ema,1.0,1.5,24,0.25,10000.0,10254.234727425568,0.025423472742556852,-0.15460310165908087,0.18002657440163772,0.0340381624287589,-0.021793957510130912,0.6968991971317405,16,0.5625,1.3154264866447212,15.889670464098003,11.6875,2024-07-01T00:00:00+00:00,2025-03-31T23:00:00+00:00
ema_v12_r15,SOLUSDT,oos,base,ema_v12_r15,12,1.2,ema,1.0,1.5,24,0.25,10000.0,9767.873456510486,-0.023212654348951367,-0.4164759555846099,0.39326330123565856,-0.017461981768775447,-0.034735275833024604,-0.48895639206143104,16,0.3125,0.7153919876162715,-14.507908968094625,13.9375,2025-04-01T00:00:00+00:00,2026-07-31T23:00:00+00:00
ema_v12_r15,SOLUSDT,oos,stress,ema_v12_r15,12,1.2,ema,1.0,1.5,24,0.25,10000.0,9654.256114654878,-0.034574388534512224,-0.41764184170469787,0.38306745317018565,-0.02604670484974836,-0.040149336164849614,-0.742507659282679,16,0.3125,0.6172432224876659,-21.608992834070136,14.0625,2025-04-01T00:00:00+00:00,2026-07-31T23:00:00+00:00
ema_v12_r25,BTCUSDT,development,base,ema_v12_r25,12,1.2,ema,1.0,2.5,48,0.25,10000.0,8714.069818374073,-0.12859301816259272,0.3544061471471174,-0.4829991653097101,-0.05363684369725019,-0.1556399967900255,-0.9135698218748419,58,0.29310344827586204,0.6240225904877701,-22.17121002803322,23.603448275862068,2022-01-01T00:00:00+00:00,2024-06-30T23:00:00+00:00
ema_v12_r25,BTCUSDT,development,stress,ema_v12_r25,12,1.2,ema,1.0,2.5,48,0.25,10000.0,8307.378477695123,-0.16926215223048768,0.35170003187554744,-0.5209621841060351,-0.07158021475448761,-0.17897906607721104,-1.2529797967901457,58,0.29310344827586204,0.5376624564170859,-29.183129694911667,23.844827586206897,2022-01-01T00:00:00+00:00,2024-06-30T23:00:00+00:00
ema_v12_r25,BTCUSDT,validation,base,ema_v12_r25,12,1.2,ema,1.0,2.5,48,0.25,10000.0,10350.395338654575,0.03503953386545744,0.31139966866821855,-0.2763601348027611,0.046986465951609935,-0.05540159324418514,0.8083409778534535,15,0.4666666666666667,1.4151110502680493,23.3596892436383,24.866666666666667,2024-07-01T00:00:00+00:00,2025-03-31T23:00:00+00:00
ema_v12_r25,BTCUSDT,validation,stress,ema_v12_r25,12,1.2,ema,1.0,2.5,48,0.25,10000.0,10134.689856149733,0.013468985614973228,0.3087794807150037,-0.2953104951000305,0.017997460645066132,-0.060714734888024036,0.33685469005145646,15,0.4666666666666667,1.148862955897363,8.97932374331552,25.933333333333334,2024-07-01T00:00:00+00:00,2025-03-31T23:00:00+00:00
ema_v12_r25,BTCUSDT,oos,base,ema_v12_r25,12,1.2,ema,1.0,2.5,48,0.25,10000.0,9865.68934298046,-0.01343106570195396,-0.24031447472024936,0.2268834090182954,-0.010091165542190805,-0.07533506055759887,-0.17247537296676146,28,0.39285714285714285,0.8990696477763935,-4.79680917926927,24.928571428571427,2025-04-01T00:00:00+00:00,2026-07-31T23:00:00+00:00
ema_v12_r25,BTCUSDT,oos,stress,ema_v12_r25,12,1.2,ema,1.0,2.5,48,0.25,10000.0,9535.436558934769,-0.046456344106523106,-0.24183233301252038,0.19537598890599728,-0.03505155634010426,-0.09091840103327575,-0.6755629409980604,27,0.3333333333333333,0.6878569927098444,-17.206053372786332,25.925925925925927,2025-04-01T00:00:00+00:00,2026-07-31T23:00:00+00:00
ema_v12_r25,ETHUSDT,development,base,ema_v12_r25,12,1.2,ema,1.0,2.5,48,0.25,10000.0,8511.477617206223,-0.14885223827937766,-0.06737175393611994,-0.08148048434325772,-0.06251102999312252,-0.15681260970749755,-1.4576574479550874,38,0.23684210526315788,0.35195091577907067,-39.17164165246782,30.473684210526315,2022-01-01T00:00:00+00:00,2024-06-30T23:00:00+00:00
ema_v12_r25,ETHUSDT,development,stress,ema_v12_r25,12,1.2,ema,1.0,2.5,48,0.25,10000.0,8326.55379556713,-0.16734462044328702,-0.0692351532899157,-0.09810946715337132,-0.0707225096844678,-0.17426675926805546,-1.6977486538452915,38,0.21052631578947367,0.3078101860683295,-44.03805801139132,30.473684210526315,2022-01-01T00:00:00+00:00,2024-06-30T23:00:00+00:00
ema_v12_r25,ETHUSDT,validation,base,ema_v12_r25,12,1.2,ema,1.0,2.5,48,0.25,10000.0,9584.701676921657,-0.04152983230783425,-0.4714224090972826,0.42989257678944837,-0.05498217297518526,-0.05452692217260968,-1.4240850613388345,9,0.2222222222222222,0.2658944861018342,-46.14425811981588,29.0,2024-07-01T00:00:00+00:00,2025-03-31T23:00:00+00:00
ema_v12_r25,ETHUSDT,validation,stress,ema_v12_r25,12,1.2,ema,1.0,2.5,48,0.25,10000.0,9517.838670828505,-0.048216132917149435,-0.47247851172496513,0.4242623788078157,-0.06376121528229539,-0.059000603079842895,-1.691595922380331,9,0.2222222222222222,0.21040251469523852,-53.57348101905498,29.0,2024-07-01T00:00:00+00:00,2025-03-31T23:00:00+00:00
ema_v12_r25,ETHUSDT,oos,base,ema_v12_r25,12,1.2,ema,1.0,2.5,48,0.25,10000.0,9527.699984656747,-0.04723000153432533,0.019184282076316617,-0.06641428361064194,-0.03563884916862581,-0.08703701450355472,-0.6687037563256865,24,0.3333333333333333,0.6856195203096703,-19.67916730596888,25.75,2025-04-01T00:00:00+00:00,2026-07-31T23:00:00+00:00
ema_v12_r25,ETHUSDT,oos,stress,ema_v12_r25,12,1.2,ema,1.0,2.5,48,0.25,10000.0,9430.373228438737,-0.05696267715612635,0.017147943009131916,-0.07411062016525827,-0.04303726480811343,-0.09209258574996149,-0.8139151145534479,24,0.3333333333333333,0.6353206180562568,-23.734448815052627,25.791666666666668,2025-04-01T00:00:00+00:00,2026-07-31T23:00:00+00:00
ema_v12_r25,SOLUSDT,development,base,ema_v12_r25,12,1.2,ema,1.0,2.5,48,0.25,10000.0,9841.57280155124,-0.015842719844876063,-0.14005019758997006,0.124207477745094,-0.00637558395336113,-0.11123816747126469,-0.1095504454405639,38,0.3684210526315789,0.9351582676766493,-4.16913680128317,24.18421052631579,2022-01-01T00:00:00+00:00,2024-06-30T23:00:00+00:00
ema_v12_r25,SOLUSDT,development,stress,ema_v12_r25,12,1.2,ema,1.0,2.5,48,0.25,10000.0,9727.870766606145,-0.02721292333938541,-0.1417683847807082,0.11455546144132278,-0.010989310849065959,-0.11790062943368329,-0.20845036706894737,38,0.3684210526315789,0.8915888428586763,-7.1612956156277505,24.18421052631579,2022-01-01T00:00:00+00:00,2024-06-30T23:00:00+00:00
ema_v12_r25,SOLUSDT,validation,base,ema_v12_r25,12,1.2,ema,1.0,2.5,48,0.25,10000.0,10726.206868372885,0.0726206868372885,-0.15291060968365033,0.22553129652093884,0.09797336360823805,-0.024080501640723617,1.5330995565080312,16,0.5,1.9082748694660125,45.3879292733053,21.9375,2024-07-01T00:00:00+00:00,2025-03-31T23:00:00+00:00
ema_v12_r25,SOLUSDT,validation,stress,ema_v12_r25,12,1.2,ema,1.0,2.5,48,0.25,10000.0,10658.735864924107,0.06587358649241071,-0.15460310165908087,0.22047668815149157,0.08877495985479156,-0.02470689836326989,1.3613972615219039,16,0.5,1.7832555406904411,41.17099155775668,23.9375,2024-07-01T00:00:00+00:00,2025-03-31T23:00:00+00:00
ema_v12_r25,SOLUSDT,oos,base,ema_v12_r25,12,1.2,ema,1.0,2.5,48,0.25,10000.0,9061.862232279116,-0.09381377677208835,-0.4164759555846099,0.32266217881252157,-0.07122536559244441,-0.09968035471193026,-1.6785210530870558,14,0.07142857142857142,0.13494207044493398,-67.0098405514917,22.357142857142858,2025-04-01T00:00:00+00:00,2026-07-31T23:00:00+00:00
ema_v12_r25,SOLUSDT,oos,stress,ema_v12_r25,12,1.2,ema,1.0,2.5,48,0.25,10000.0,8962.415867130652,-0.1037584132869348,-0.41764184170469787,0.31388342841776307,-0.07888094657110267,-0.10712262689446483,-1.917518632002973,14,0.07142857142857142,0.11540295280360566,-74.11315234781055,22.357142857142858,2025-04-01T00:00:00+00:00,2026-07-31T23:00:00+00:00
ema_v24_r25,BTCUSDT,development,base,ema_v24_r25,24,1.2,ema,1.0,2.5,48,0.25,10000.0,9710.327883974387,-0.028967211602561327,0.3544061471471174,-0.3833733587496787,-0.011704028155583246,-0.12272944087237425,-0.24948535389208143,34,0.38235294117647056,0.8358614588338424,-8.51976811840038,27.58823529411765,2022-01-01T00:00:00+00:00,2024-06-30T23:00:00+00:00
ema_v24_r25,BTCUSDT,development,stress,ema_v24_r25,24,1.2,ema,1.0,2.5,48,0.25,10000.0,9413.391567295766,-0.05866084327042331,0.35170003187554744,-0.41036087514597075,-0.023920896743337416,-0.13949090171858858,-0.541981265421299,34,0.38235294117647056,0.6931186741989853,-17.25318919718334,27.823529411764707,2022-01-01T00:00:00+00:00,2024-06-30T23:00:00+00:00
ema_v24_r25,BTCUSDT,validation,base,ema_v24_r25,24,1.2,ema,1.0,2.5,48,0.25,10000.0,10050.091452002225,0.005009145200222553,0.31139966866821855,-0.306390523467996,0.006683919953230033,-0.05624558139532865,0.14193418570294417,15,0.4,1.0532968846357156,3.3394301334816796,23.666666666666668,2024-07-01T00:00:00+00:00,2025-03-31T23:00:00+00:00
ema_v24_r25,BTCUSDT,validation,stress,ema_v24_r25,24,1.2,ema,1.0,2.5,48,0.25,10000.0,9868.28007425236,-0.013171992574764091,0.3087794807150037,-0.3219514732897678,-0.017522666542981957,-0.06029122961644762,-0.27253910702440853,15,0.4,0.8674269650343845,-8.78132838317603,24.733333333333334,2024-07-01T00:00:00+00:00,2025-03-31T23:00:00+00:00
ema_v24_r25,BTCUSDT,oos,base,ema_v24_r25,24,1.2,ema,1.0,2.5,48,0.25,10000.0,10139.287925411229,0.013928792541122892,-0.24031447472024936,0.25424326726137225,0.010429407544908953,-0.07905750505335363,0.25073111787607716,22,0.4090909090909091,1.1537222702925403,6.331269336874026,27.454545454545453,2025-04-01T00:00:00+00:00,2026-07-31T23:00:00+00:00
ema_v24_r25,BTCUSDT,oos,stress,ema_v24_r25,24,1.2,ema,1.0,2.5,48,0.25,10000.0,9903.666493635737,-0.00963335063642623,-0.24183233301252038,0.23219898237609415,-0.007234364937114379,-0.0883161237883564,-0.13515347956668167,22,0.4090909090909091,0.9070588952245473,-4.378795743830117,29.727272727272727,2025-04-01T00:00:00+00:00,2026-07-31T23:00:00+00:00
ema_v24_r25,ETHUSDT,development,base,ema_v24_r25,24,1.2,ema,1.0,2.5,48,0.25,10000.0,9383.573353561442,-0.061642664643855816,-0.06737175393611994,0.005729089292264122,-0.02516040264358632,-0.0937145965691828,-0.6480632900753737,28,0.2857142857142857,0.6147993584505588,-22.01523737280565,31.142857142857142,2022-01-01T00:00:00+00:00,2024-06-30T23:00:00+00:00
ema_v24_r25,ETHUSDT,development,stress,ema_v24_r25,24,1.2,ema,1.0,2.5,48,0.25,10000.0,9246.541579392071,-0.07534584206079287,-0.0692351532899157,-0.006110688770877171,-0.03088721789171167,-0.10292769916935307,-0.8216353356805081,28,0.25,0.5545816393974903,-26.909229307426035,31.214285714285715,2022-01-01T00:00:00+00:00,2024-06-30T23:00:00+00:00
ema_v24_r25,ETHUSDT,validation,base,ema_v24_r25,24,1.2,ema,1.0,2.5,48,0.25,10000.0,9462.470996127744,-0.05375290038722558,-0.4714224090972826,0.41766950871005704,-0.07101539973119442,-0.05819571117944433,-2.170290402904373,8,0.125,0.09958271456765735,-67.191125484032,23.125,2024-07-01T00:00:00+00:00,2025-03-31T23:00:00+00:00
ema_v24_r25,ETHUSDT,validation,stress,ema_v24_r25,24,1.2,ema,1.0,2.5,48,0.25,10000.0,9408.411155415146,-0.05915888445848538,-0.47247851172496513,0.41331962726647975,-0.07808460024132091,-0.06271589949051115,-2.408841997121454,8,0.125,0.07967739957675529,-73.94860557310676,23.125,2024-07-01T00:00:00+00:00,2025-03-31T23:00:00+00:00
ema_v24_r25,ETHUSDT,oos,base,ema_v24_r25,24,1.2,ema,1.0,2.5,48,0.25,10000.0,9500.056013736668,-0.04999439862633315,0.019184282076316617,-0.06917868070264976,-0.03773831163131425,-0.08655599343930986,-0.9125256171856324,17,0.29411764705882354,0.5497457823721138,-29.408469780195983,28.11764705882353,2025-04-01T00:00:00+00:00,2026-07-31T23:00:00+00:00
ema_v24_r25,ETHUSDT,oos,stress,ema_v24_r25,24,1.2,ema,1.0,2.5,48,0.25,10000.0,9408.259947202681,-0.05917400527973182,0.017147943009131916,-0.07632194828886374,-0.044720888881721765,-0.09419642010423246,-1.1039919678009347,17,0.29411764705882354,0.49166684562745233,-34.808238399842274,28.176470588235293,2025-04-01T00:00:00+00:00,2026-07-31T23:00:00+00:00
ema_v24_r25,SOLUSDT,development,base,ema_v24_r25,24,1.2,ema,1.0,2.5,48,0.25,10000.0,9606.66180897855,-0.03933381910214506,-0.14005019758997006,0.100716378487825,-0.015943390025602744,-0.07981107588181668,-0.47164095210736606,22,0.3181818181818182,0.7375701209964768,-17.879008682793195,20.272727272727273,2022-01-01T00:00:00+00:00,2024-06-30T23:00:00+00:00
ema_v24_r25,SOLUSDT,development,stress,ema_v24_r25,24,1.2,ema,1.0,2.5,48,0.25,10000.0,9541.104056975475,-0.04588959430245254,-0.1417683847807082,0.09587879047825565,-0.018638506568706692,-0.08459559882632384,-0.5531371771366921,22,0.3181818181818182,0.7032560672478418,-20.85890650111477,20.272727272727273,2022-01-01T00:00:00+00:00,2024-06-30T23:00:00+00:00
ema_v24_r25,SOLUSDT,validation,base,ema_v24_r25,24,1.2,ema,1.0,2.5,48,0.25,10000.0,10534.852894709575,0.05348528947095743,-0.15291060968365033,0.20639589915460776,0.07193636999069142,-0.02408050164072384,1.3982275978045366,11,0.45454545454545453,1.97147006152538,48.622990428143154,17.818181818181817,2024-07-01T00:00:00+00:00,2025-03-31T23:00:00+00:00
ema_v24_r25,SOLUSDT,validation,stress,ema_v24_r25,24,1.2,ema,1.0,2.5,48,0.25,10000.0,10498.033718346374,0.049803371834637344,-0.15460310165908087,0.2044064734937182,0.06694445547076744,-0.025385870224924778,1.242961601060693,11,0.45454545454545453,1.8536750639625263,45.275792576943125,20.272727272727273,2024-07-01T00:00:00+00:00,2025-03-31T23:00:00+00:00
ema_v24_r25,SOLUSDT,oos,base,ema_v24_r25,24,1.2,ema,1.0,2.5,48,0.25,10000.0,9400.352372048897,-0.059964762795110205,-0.4164759555846099,0.3565111927894997,-0.045323182626684,-0.06123576461108504,-2.0427450420275592,8,0.0,0.0,-74.95595349388782,19.625,2025-04-01T00:00:00+00:00,2026-07-31T23:00:00+00:00
ema_v24_r25,SOLUSDT,oos,stress,ema_v24_r25,24,1.2,ema,1.0,2.5,48,0.25,10000.0,9330.190282017835,-0.0669809717982165,-0.41764184170469787,0.3506608699064814,-0.05067275833926843,-0.06753810101947533,-2.245343469189826,8,0.0,0.0,-83.72621474777065,19.625,2025-04-01T00:00:00+00:00,2026-07-31T23:00:00+00:00
